paper_id,year,author_name,affiliation_string,institution_type
1810.10102,2018,Saleh Mousa,"Department of Civil and Environmental Engineering, Louisiana State University, Baton Rouge, LA 70803, USA",research university
1810.10102,2018,Sherif Ishak,"Department of Civil and Environmental Engineering, Old Dominion University",research university
1806.00938,2018,Evan Hernandez,University of Wisconsin-Madison,research university
1806.00938,2018,Ara Vartanian,University of Wisconsin-Madison,research university
1806.00938,2018,Xiaojin Zhu,University of Wisconsin-Madison,research university
1807.04561,2018,Giuseppe De Giacomo,"Sapienza Università di Roma, Italy",research university
1807.04561,2018,Brian Logan,"University of Nottingham, UK",research university
1807.04561,2018,Paolo Felli,"Free University of Bozen-Bolzano, Italy",research university
1807.04561,2018,Fabio Patrizi,"Sapienza Università di Roma, Italy",research university
1807.04561,2018,Sebastian Sardina,"RMIT University, Australia",research university
1802.03493,2018,Mehrdad Farajtabar,Georgia Institute of Technology,research university
1802.03493,2018,Yinlam Chow,Google DeepMind,industry research lab
1802.03493,2018,Mohammad Ghavamzadeh,Google DeepMind,industry research lab
1809.04708,2018,Ikhlas Alhussien,"School of Computer Science and Engineering, Nanyang Technological University, Singapore",research university
1809.04708,2018,Erik Cambria,"School of Computer Science and Engineering, Nanyang Technological University, Singapore",research university
1809.04708,2018,Zhang NengSheng,"Singapore Institute of Manufacturing Technology (SIMTech), Agency for Science, Technology and Research (A*STAR), Singapore",government research institute
1801.01705,2018,Martijn van Otterlo,"Vrije Universiteit Amsterdam, The Netherlands",research university
1810.06033,2018,Chen Li,"Beijing Advanced Innovation Center for Big Data and Brain Computing, Beihang University, Beijing, China; State Key Laboratory of Software Development Environment Lab, Beihang University, Beijing, China",research university
1810.06033,2018,Xutan Peng,"Beijing Advanced Innovation Center for Big Data and Brain Computing, Beihang University, Beijing, China; State Key Laboratory of Software Development Environment Lab, Beihang University, Beijing, China",research university
1810.06033,2018,Shanghang Zhang,"Department of Electrical and Computer Engineering, Carnegie Mellon University, Pittsburgh, CP, USA",research university
1810.06033,2018,Hao Peng,"Beijing Advanced Innovation Center for Big Data and Brain Computing, Beihang University, Beijing, China; State Key Laboratory of Software Development Environment Lab, Beihang University, Beijing, China",research university
1810.06033,2018,Philip S. Yu,"Department of Computer Science, University of Illinois at Chicago, Chicago, IL, USA",research university
1810.06033,2018,Min He,"National Computer Network Emergency Response Technical Team/Coordination Center of China, Beijing, China",government agency
1810.06033,2018,Linfeng Du,"Beijing Advanced Innovation Center for Big Data and Brain Computing, Beihang University, Beijing, China",research university
1810.06033,2018,Lihong Wang,"National Computer Network Emergency Response Technical Team/Coordination Center of China, Beijing, China",government agency
1801.05644,2018,Olivier Cailloux,"Université Paris-Dauphine, PSL Research University, CNRS, LAMSADE, 75016 PARIS, FRANCE",research university
1801.05644,2018,Yves Meinard,"Université Paris-Dauphine, PSL Research University, CNRS, LAMSADE, 75016 PARIS, FRANCE",research university
1801.03160,2018,Felix Lindner,"Foundations of Artificial Intelligence, University of Freiburg, Germany",research university
1801.03160,2018,Martin Mose Bentzen,"Management Engineering, Technical University of Denmark, Lyngby, Denmark",research university
1812.08597,2018,Prashan Madumal,unknown,unknown
1812.08597,2018,Ronal Singh,unknown,unknown
1812.08597,2018,Joshua Newn,unknown,unknown
1812.08597,2018,Frank Vetere,unknown,unknown
1808.03598,2018,Henok Ghebrechristos,University of Colorado-Denver,research university
1808.03598,2018,Drew Miller,rbitrator@live.com,unknown
1810.06765,2018,Vithya Yogarajan,"Department of Computer Science, The University of Waikato, Hamilton, New Zealand",research university
1810.06765,2018,Michael Mayo,"Department of Computer Science, The University of Waikato, Hamilton, New Zealand",research university
1810.06765,2018,Bernhard Pfahringer,"Department of Computer Science, The University of Waikato, Hamilton, New Zealand",research university
1811.11623,2018,Alexander Schindler,"Center for Digital Safety and Security, AIT Austrian Institute of Technology GmbH, Vienna 1210, Austria",national research institute
1811.11623,2018,Martin Boyer,"Center for Digital Safety and Security, AIT Austrian Institute of Technology GmbH, Vienna 1210, Austria",national research institute
1811.11623,2018,Andrew Lindley,"Center for Digital Safety and Security, AIT Austrian Institute of Technology GmbH, Vienna 1210, Austria",national research institute
1811.11623,2018,David Schreiber,"Center for Digital Safety and Security, AIT Austrian Institute of Technology GmbH, Vienna 1210, Austria",national research institute
1811.11623,2018,Thomas Philipp,"LIquA - Linzer Institut für qualitative Analysen, Linz 4020, Austria",independent research institute
1809.06481,2018,Sahin Cem Geyik,"LinkedIn Corporation, USA",tech company
1809.06481,2018,Qi Guo,"LinkedIn Corporation, USA",tech company
1809.06481,2018,Bo Hu,"LinkedIn Corporation, USA",tech company
1809.06481,2018,Cagri Ozcaglar,"LinkedIn Corporation, USA",tech company
1809.06481,2018,Ketan Thakkar,"LinkedIn Corporation, USA",tech company
1809.06481,2018,Xianren Wu,"LinkedIn Corporation, USA",tech company
1809.06481,2018,Krishnaram Kenthapadi,"LinkedIn Corporation, USA",tech company
1802.04181,2018,Timothée Lesort,"U2IS, ENSTA ParisTech, Inria FLOWERS team, Université Paris Saclay, Palaiseau, France",research university / public research institute
1802.04181,2018,Natalia Díaz-Rodríguez,"U2IS, ENSTA ParisTech, Inria FLOWERS team, Université Paris Saclay, Palaiseau, France",research university / public research institute
1802.04181,2018,Jean-François Goudou,"Vision Lab, Thales, Theresis, Palaiseau, France",industry research lab
1802.04181,2018,David Filliat,"U2IS, ENSTA ParisTech, Inria FLOWERS team, Université Paris Saclay, Palaiseau, France",research university / public research institute
1811.05106,2018,Sungmin Kang,KAIST,research university
1811.05106,2018,David Keetae Park,Korea University,research university
1811.05106,2018,Jaehyuk Chang,NAVER WEBTOON Corp.,tech company
1811.05106,2018,Jaegul Choo,Korea University,research university
1808.04317,2018,Hugo Scurti,"McGill University, Montréal, Québec, Canada",research university
1808.04317,2018,Clark Verbrugge,"McGill University, Montréal, Québec, Canada",research university
1812.11142,2018,Guy Marshall,"School of Computer Science, University of Manchester, United Kingdom",research university
1812.11142,2018,André Freitas,"School of Computer Science, University of Manchester, United Kingdom",research university
1805.07547,2018,Emilio Cartoni,"LOCEN, ISTC-CNR, Rome, Italy",government research institute
1805.07547,2018,Gianluca Baldassarre,"LOCEN, ISTC-CNR, Rome, Italy",government research institute
1804.10829,2018,Shiqi Wang,Columbia University,research university
1804.10829,2018,Kexin Pei,Columbia University,research university
1804.10829,2018,Justin Whitehouse,Columbia University,research university
1804.10829,2018,Junfeng Yang,Columbia University,research university
1804.10829,2018,Suman Jana,Columbia University,research university
1806.03793,2018,Siyuan Li,"IIIS, Tsinghua University",research university
1806.03793,2018,Fangda Gu,Tsinghua University,research university
1806.03793,2018,Guangxiang Zhu,"IIIS, Tsinghua University",research university
1806.03793,2018,Chongjie Zhang,"IIIS, Tsinghua University",research university
1809.08860,2018,Mainak Dan,"Interdisciplinary Graduate School, Nanyang Technological University, Singapore",research university
1809.08860,2018,Seshadhri Srinivasan,"Berkeley Education Alliance for Research in Singapore (BEARS), Singapore",research consortium
1810.05983,2018,Yaliang Li,"Tencent Medical AI Lab, Palo Alto, CA USA",tech company research lab
1810.05983,2018,Liuyi Yao,"State University of New York at Buffalo, Buffalo, NY USA",public research university
1810.05983,2018,Nan Du,"Tencent Medical AI Lab, Palo Alto, CA USA",tech company research lab
1810.05983,2018,Jing Gao,"State University of New York at Buffalo, Buffalo, NY USA",public research university
1810.05983,2018,Qi Li,"University of Illinois at Urbana-Champaign, Illinois, IL USA",public research university
1810.05983,2018,Chuishi Meng,"JD Urban Computing Business Unit, Beijing, China",tech company research unit
1810.05983,2018,Chenwei Zhang,"University of Illinois at Chicago, Chicago, IL USA",public research university
1810.05983,2018,Wei Fan,"Tencent Medical AI Lab, Palo Alto, CA USA",tech company research lab
1810.08460,2018,Damien Pellier,"Université Paris Descartes, Centre de Recherche en Informatique, 45, rue des Saints Père F-75270 Paris cedex 06",research university
1810.08460,2018,lias. Belaidi,"Université Paris Descartes, Centre de Recherche en Informatique, 45, rue des Saints Père F-75270 Paris cedex 06",research university
1804.02257,2018,Sam Kriegman,"University of Vermont, Burlington, VT, USA",research university
1804.02257,2018,Nick Cheney,"University of Wyoming, Laramie, WY, USA",research university
1804.02257,2018,Francesco Corucci,"3DNextech s.r.l., Livorno, Italy",private company
1804.02257,2018,Josh C. Bongard,"University of Vermont, Burlington, VT, USA",research university
1806.10755,2018,Peter Sutor,"University of Maryland, College Park MD 20742, USA",research university
1806.10755,2018,Douglas Summers-Stay,"U.S. Army Research Laboratory Adelphi, Adelphi MD 20783, USA",government lab
1806.10755,2018,Yiannis Aloimonos,"University of Maryland, College Park MD 20742, USA",research university
1805.07733,2018,Jiechuan Jiang,Peking University,research university
1805.07733,2018,Zongqing Lu,Peking University,research university
1805.06861,2018,Carl Schultz,"Aarhus University, Denmark",research university
1805.06861,2018,Mehul Bhatt,"Örebro University, Sweden; University of Bremen, Germany",research university
1805.06861,2018,Jakob Suchan,"University of Bremen, Germany",research university
1805.06861,2018,Przemysław Wałęga,"University of Warsaw, Poland",research university
1810.07159,2018,Shuai Zhao,"AT&T Research Labs, Bedminster, NJ, USA; New Jersey Institute of Technology, Newark, NJ, USA",industry research lab and research university (dual affiliation)
1810.07159,2018,Manoop Talasila,"AT&T Research Labs, Bedminster, NJ, USA",industry research lab
1810.07159,2018,Guy Jacobson,"AT&T Research Labs, Bedminster, NJ, USA",industry research lab
1810.07159,2018,Cristian Borcea,"New Jersey Institute of Technology, Newark, NJ, USA",research university
1810.07159,2018,Syed Anwar Aftab,"AT&T Research Labs, Bedminster, NJ, USA",industry research lab
1810.07159,2018,John F Murray,"AT&T Research Labs, Bedminster, NJ, USA",industry research lab
1804.05212,2018,Avi Segal,"Ben-Gurion University of the Negev, Israel",research university
1804.05212,2018,Yossi Ben David,"Microsoft, Israel",tech company
1804.05212,2018,Joseph Jay Williams,"National University of Singapore, Singapore",research university
1804.05212,2018,Kobi Gal,"Ben-Gurion University of the Negev, Israel",research university
1804.05212,2018,Yaar Shalom,"Ben-Gurion University of the Negev, Israel",research university
1808.01741,2018,Walid S. Saba,"Astound.ai, 111 Independence Drive, Menlo Park, CA 94025",tech company
1812.02648,2018,Hado van Hasselt,DeepMind,industry research lab
1812.02648,2018,Yotam Doron,DeepMind,industry research lab
1812.02648,2018,Florian Strub,"University of Lille, DeepMind",research university and industry research lab
1812.02648,2018,Matteo Hessel,DeepMind,industry research lab
1812.02648,2018,Nicolas Sonnerat,DeepMind,industry research lab
1812.02648,2018,Joseph Modayil,DeepMind,industry research lab
1802.02534,2018,Dario Zanca,"Department of Information Engineering, University of Florence, Florence, Italy; Department of Information Engineering and Mathematics, University of Siena, Siena, Italy",research university
1802.02534,2018,Valeria Serchi,"Eye-tracking and Visual Application Lab (EVALab), Department of Medicine, Surgery and Neurosciences, University of Siena, Siena, Italy",research university
1802.02534,2018,Pietro Piu,"Eye-tracking and Visual Application Lab (EVALab), Department of Medicine, Surgery and Neurosciences, University of Siena, Siena, Italy",research university
1802.02534,2018,Francesca Rosini,"Eye-tracking and Visual Application Lab (EVALab), Department of Medicine, Surgery and Neurosciences, University of Siena, Siena, Italy; Neurological and Neurometabolic Unit, Department of Medicine, Surgery and Neurosciences, University of Siena, Siena, Italy",research university medical center
1802.02534,2018,Alessandra Rufa,"Eye-tracking and Visual Application Lab (EVALab), Department of Medicine, Surgery and Neurosciences, University of Siena, Siena, Italy; Neurological and Neurometabolic Unit, Department of Medicine, Surgery and Neurosciences, University of Siena, Siena, Italy",research university medical center
1801.01604,2018,Han Xiao,"State Key Laboratory of Intelligent Technology and Systems, National Laboratory for Information Science and Technology, Department of Computer Science and Technology, Tsinghua University, Beijing 100084, PR China",research university
1810.02612,2018,Brian Paden,Advanced Technology Group @ Samsung Smart Machines,tech company
1810.02612,2018,Peng Liu,Advanced Technology Group @ Samsung Smart Machines,tech company
1810.02612,2018,Schuyler Cullen,Advanced Technology Group @ Samsung Smart Machines,tech company
1809.02317,2018,Soumi Chattopadhyay,"Student Member, IEEE",unknown
1809.02317,2018,Ansuman Banerjee,"Member, IEEE",unknown
1810.06617,2018,Razieh Mehri,"Concordia University, Montréal, Canada",research university
1810.06617,2018,Volker Haarslev,"Concordia University, Montréal, Canada",research university
1810.06617,2018,Hamidreza Chinaei,Nuance Communications,tech company
1806.00201,2018,Nicholas Guttenberg,"Araya Inc, Tokyo, Japan; Earth-life Science Institute, Tokyo, Japan",multiple affiliations: AI company and research institute
1806.00201,2018,Martin Biehl,"Araya Inc, Tokyo, Japan",AI company
1806.00201,2018,Nathaniel Virgo,"Earth-life Science Institute, Tokyo, Japan",research institute
1806.00201,2018,Ryota Kanai,"Araya Inc, Tokyo, Japan",AI company
1808.00981,2018,Trevor Buteau,"Fordham University, New York, NY 10023",research university
1808.00981,2018,Damian Lyons,"Fordham University, New York, NY 10023",research university
1805.09169,2018,Maaz Amjad,unknown,unknown
1805.09169,2018,fariha Bukhari,unknown,unknown
1805.09169,2018,Iqra Ameer,unknown,unknown
1805.09169,2018,Alexander Gelbukh,unknown,unknown
1803.09840,2018,Luigi Asprino,"STLab, ISTC-CNR (Rome, Italy); University of Bologna (Bologna, Italy)",research university and national research council
1803.09840,2018,Valerio Basile,"University of Turin (Turin, Italy)",research university
1803.09840,2018,Paolo Ciancarini,"University of Bologna (Bologna, Italy)",research university
1803.09840,2018,Valentina Presutti,"STLab, ISTC-CNR (Rome, Italy)",government research institute
1811.12455,2018,Catarina Moreira,"School of Business, University of Leicester, University Road, LE1 7RH Leicester, United Kingdom",research university
1809.05724,2018,Xiaoyan Wang,"University of Illinois at Urbana-Champaign, Department of Computer Science, Urbana-Champaign, IL, USA",research university
1809.05724,2018,Pavan Kapanipathi,"IBM Research, IBM T.J. Watson Research Center, Yorktown Heights, NY, USA",industry research lab
1809.05724,2018,Ryan Musa,"IBM Research, IBM T.J. Watson Research Center, Yorktown Heights, NY, USA",industry research lab
1809.05724,2018,Mo Yu,"IBM Research, IBM T.J. Watson Research Center, Yorktown Heights, NY, USA",industry research lab
1809.05724,2018,Kartik Talamadupula,"IBM Research, IBM T.J. Watson Research Center, Yorktown Heights, NY, USA",industry research lab
1809.05724,2018,Ibrahim Abdelaziz,"IBM Research, IBM T.J. Watson Research Center, Yorktown Heights, NY, USA",industry research lab
1809.05724,2018,Maria Chang,"IBM Research, IBM T.J. Watson Research Center, Yorktown Heights, NY, USA",industry research lab
1809.05724,2018,Achille Fokoue,"IBM Research, IBM T.J. Watson Research Center, Yorktown Heights, NY, USA",industry research lab
1809.05724,2018,Bassem Makni,"IBM Research, IBM T.J. Watson Research Center, Yorktown Heights, NY, USA",industry research lab
1809.05724,2018,Nicholas Mattei,"IBM Research, IBM T.J. Watson Research Center, Yorktown Heights, NY, USA",industry research lab
1809.05724,2018,Michael Witbrock,"IBM Research, IBM T.J. Watson Research Center, Yorktown Heights, NY, USA",industry research lab
1809.07027,2018,Ville Vakkuri,"Faculty of Information Technology, University of Jyväskylä, Jyväskylä, Finland",research university
1809.07027,2018,Pekka Abrahamsson,"Faculty of Information Technology, University of Jyväskylä, Jyväskylä, Finland",research university
1802.06767,2018,A. V. Palagin,"Палагін А.В. — автор, affiliated with the research described in the Ukrainian/Russian language AI ontology paper",unknown
1802.06767,2018,N. G. Petrenko,"Петренко Н.Г. — co-author, affiliated with the research described in the Ukrainian/Russian language AI ontology paper",unknown
1802.06767,2018,V. Yu. Velychko,"Величко В.Ю. — co-author, affiliated with the research described in the Ukrainian/Russian language AI ontology paper",unknown
1802.06767,2018,K. S. Malakhov,"Малахов К.С. — co-author, affiliated with the research described in the Ukrainian/Russian language AI ontology paper",unknown
1812.08957,2018,Arthur Choi,"Computer Science Department, University of California, Los Angeles, USA",research university
1812.08957,2018,Ruocheng Wang,"College of Computer Science and Technology, Zhejiang University, Hangzhou, Zhejiang, China",research university
1812.08957,2018,Adnan Darwiche,"Computer Science Department, University of California, Los Angeles, USA",research university
1809.03260,2018,Aniya Agarwal,IBM Research AI India,industry research lab
1809.03260,2018,Pranay Lohia,IBM Research AI India,industry research lab
1809.03260,2018,Seema Nagar,IBM Research AI India,industry research lab
1809.03260,2018,Kuntal Dey,IBM Research AI India,industry research lab
1809.03260,2018,Diptikalyan Saha,IBM Research AI India,industry research lab
1806.01151,2018,Ivan Bravi,"School of Electronic Engineering and Computer Science, Queen Mary University of London, London, United Kingdom",research university
1806.01151,2018,Jialin Liu,"Southern University of Science and Technology, Shenzhen, China",research university
1806.01151,2018,Diego Perez-Liebana,"School of Electronic Engineering and Computer Science, Queen Mary University of London, London, United Kingdom",research university
1806.01151,2018,Simon Lucas,"School of Electronic Engineering and Computer Science, Queen Mary University of London, London, United Kingdom",research university
1806.05108,2018,Theophanes E. Raptis,"National Center for Science and Research ""Demokritos"", Division of Applied Technologies, Computational Applications Group, Athens, Greece; University of Athens, Department of Chemistry, Laboratory of Physical Chemistry, Athens, Greece; University of Peloponnese, Informatics and Telecommunications Dept., Tripolis, Greece",government research center / public university
1803.05402,2018,Jack Harmer,"Affiliation 1 (unnamed, likely game/tech company based on in-house 3D game context)",game technology company
1803.05402,2018,Linus Gisslén,"Affiliation 1 (unnamed, likely game/tech company based on in-house 3D game context)",game technology company
1803.05402,2018,Jorge del Val,"Affiliation 1 (unnamed, likely game/tech company based on in-house 3D game context)",game technology company
1803.05402,2018,Henrik Holst,"Affiliation 1 (unnamed, likely game/tech company based on in-house 3D game context)",game technology company
1803.05402,2018,Joakim Bergdahl,"Affiliation 1 (unnamed, likely game/tech company based on in-house 3D game context)",game technology company
1803.05402,2018,Tom Olsson,"Affiliation 2 (unnamed, distinct from affiliation 1)",unknown
1803.05402,2018,Kristoffer Sjöö,"Affiliation 1 (unnamed, likely game/tech company based on in-house 3D game context)",game technology company
1803.05402,2018,Magnus Nordin,"Affiliation 1 (unnamed, likely game/tech company based on in-house 3D game context)",game technology company
1909.01421,2019,Niek Tax,"Technische Universiteit Eindhoven (Eindhoven University of Technology), with research carried out as part of the Philips Research and Eindhoven University of Technology Data Science Flagships",research university
1907.05553,2019,Aras R. Dargazany,"Department of Electrical, Computer, and Biomedical Eng., Univ. Rhode Island",research university
1910.09472,2019,Francesco Calimeri,"DEMACS, University of Calabria, Italy",research university
1910.09472,2019,Francesco Cauteruccio,"DEMACS, University of Calabria, Italy",research university
1910.09472,2019,Luca Cinelli,"DEMACS, University of Calabria, Italy",research university
1910.09472,2019,Aldo Marzullo,"DEMACS, University of Calabria, Italy - CREATIS; CNRS UMR5220; INSERM U1206; Université de Lyon, Université Lyon 1, INSA-Lyon, Villeurbanne, France",research university and public research lab
1910.09472,2019,Claudio Stamile,"CREATIS; CNRS UMR5220; INSERM U1206; Université de Lyon, Université Lyon 1, INSA-Lyon, Villeurbanne, France",public research lab
1910.09472,2019,Giorgio Terracina,"DEMACS, University of Calabria, Italy",research university
1910.09472,2019,Francoise Durand-Dubief,"Hôpital Neurologique, Service de Neurologie A Hospices Civils de Lyon, Bron - France - CREATIS; CNRS UMR5220; INSERM U1206; Université de Lyon, Université Lyon 1, INSA-Lyon, Villeurbanne, France",hospital and public research lab
1910.09472,2019,Dominique Sappey-Marinier,"CERMEP - Imagerie du Vivant; Université de Lyon, Bron, France - CREATIS; CNRS UMR5220; INSERM U1206; Université de Lyon, Université Lyon 1, INSA-Lyon, Villeurbanne, France",medical imaging research center and public research lab
1903.05614,2019,Edward Lockhart,DeepMind,industry research lab
1903.05614,2019,Marc Lanctot,DeepMind,industry research lab
1903.05614,2019,Julien Pérolat,DeepMind,industry research lab
1903.05614,2019,Jean-Baptiste Lespiau,DeepMind,industry research lab
1903.05614,2019,Dustin Morrill,"DeepMind; University of Alberta, Edmonton, Canada",industry research lab and research university
1903.05614,2019,Finbarr Timbers,DeepMind,industry research lab
1903.05614,2019,Karl Tuyls,DeepMind,industry research lab
1908.01417,2019,Alexander Zook,"School of Interactive Computing, College of Computing, Georgia Institute of Technology, Atlanta, Georgia, USA",research university
1908.01417,2019,Eric Fruchter,"School of Interactive Computing, College of Computing, Georgia Institute of Technology, Atlanta, Georgia, USA",research university
1908.01417,2019,Mark O. Riedl,"School of Interactive Computing, College of Computing, Georgia Institute of Technology, Atlanta, Georgia, USA",research university
1902.09706,2019,Yamin Hu,"Anhui Province Key Laboratory of Software Engineering in Computing and Communication, School of Computer Science and Technology, University of Science and Technology of China, China",research university
1902.09706,2019,Wenjian Luo,"Anhui Province Key Laboratory of Software Engineering in Computing and Communication, School of Computer Science and Technology, University of Science and Technology of China, China",research university
1902.09706,2019,Junteng Wang,"Anhui Province Key Laboratory of Software Engineering in Computing and Communication, School of Computer Science and Technology, University of Science and Technology of China, China",research university
1909.09213,2019,Fabio Tardivo,"Department of Computer Science, New Mexico State University, Las Cruces, United States",research university
1903.07198,2019,Sarath Sreedharan,"School of Computing, Informatics, and Decision Systems Engineering, Arizona State University, Tempe, AZ 85281 USA",research university
1903.07198,2019,Alberto Olmo,"School of Computing, Informatics, and Decision Systems Engineering, Arizona State University, Tempe, AZ 85281 USA",research university
1903.07198,2019,Aditya Prasad Mishra,"School of Computing, Informatics, and Decision Systems Engineering, Arizona State University, Tempe, AZ 85281 USA",research university
1903.07198,2019,Subbarao Kambhampati,"School of Computing, Informatics, and Decision Systems Engineering, Arizona State University, Tempe, AZ 85281 USA",research university
1910.13526,2019,Qin Lin,"Robotics Institute, Carnegie Mellon University, Pittsburgh, PA 15213, USA",research university
1910.13526,2019,Sicco Verwer,"Department of Intelligent Systems, Delft University of Technology, 2600 AA Delft, the Netherlands",research university
1910.13526,2019,John Dolan,"Robotics Institute, Carnegie Mellon University, Pittsburgh, PA 15213, USA",research university
1905.13178,2019,Risto Miikkulainen,The University of Texas at Austin and Cognizant AI Lab,research university and industry research lab
1905.13178,2019,Jerry Smith,"Ailevate, Washington, DC",tech company
1905.13178,2019,Babak Hodjat,"Cognizant AI Lab, San Francisco, CA",industry research lab
1902.09335,2019,Sabrina Evans,"Department of Mathematics, Yale University",research university
1902.09335,2019,Paolo Turrini,"Department of Computer Science, University of Warwick",research university
1909.07116,2019,Dattaraj Rao,Persistent Systems Ltd.,tech company
1905.11474,2019,Sheikh Rabiul Islam,"Tennessee Tech University, Cookeville, TN",research university
1905.11474,2019,William Eberle,"Tennessee Tech University, Cookeville, TN",research university
1905.11474,2019,Sid Bundy,"Tennessee Tech University, Cookeville, TN",research university
1905.11474,2019,Sheikh Khaled Ghafoor,"Tennessee Tech University, Cookeville, TN",research university
1906.06251,2019,Curtis Bright,"University of Waterloo, Waterloo, Canada; Maplesoft, Waterloo, Canada",research university / software company (dual affiliation)
1906.06251,2019,Jürgen Gerhard,"Maplesoft, Waterloo, Canada",software company
1906.06251,2019,Ilias Kotsireas,"Wilfrid Laurier University, Waterloo, Canada",research university
1906.06251,2019,Vijay Ganesh,"University of Waterloo, Waterloo, Canada",research university
1907.04659,2019,Ravi Kashyap,City University of Hong Kong / SP Jain School of Global Management / Singapore University of Social Sciences,research university
1901.01970,2019,José Cláudio do Nascimento,No institutional affiliation listed in the provided text,unknown
1903.03411,2019,Thiago Freitas dos Santos,Centro Universitário FEI,private teaching and research university
1903.03411,2019,Paulo E. Santos,Centro Universitário FEI,private teaching and research university
1903.03411,2019,Leonardo A. Ferreira,Centro Universitário FEI,private teaching and research university
1903.03411,2019,Reinaldo A. C. Bianchi,Centro Universitário FEI,private teaching and research university
1903.03411,2019,Pedro Cabalar,University of Corunna,public research university
1910.00057,2019,Goutham Ramakrishnan,University of Wisconsin - Madison,research university
1910.00057,2019,Yun Chan Lee,University of Wisconsin - Madison,research university
1910.00057,2019,Aws Albarghouthi,University of Wisconsin - Madison,research university
1909.00885,2019,Khen Elimelech,"1 (Technion - Israel Institute of Technology, based on context of the paper)",research university
1909.00885,2019,Vadim Indelman,"2 (Technion - Israel Institute of Technology, based on context of the paper)",research university
1906.01747,2019,Ke Yang,"New York University, Department of Computer Science and Engineering",research university
1906.01747,2019,Vasilis Gkatzelis,"Drexel University, Department of Computer Science",research university
1906.01747,2019,Julia Stoyanovich,"New York University, Department of Computer Science and Engineering",research university
1907.09273,2019,Arthur Szlam,Facebook AI Research (facebookresearch/craftassist),industry research lab
1907.09273,2019,Jonathan Gray,Facebook AI Research (facebookresearch/craftassist),industry research lab
1907.09273,2019,Kavya Srinet,Facebook AI Research (facebookresearch/craftassist),industry research lab
1907.09273,2019,Yacine Jernite,Facebook AI Research (facebookresearch/craftassist),industry research lab
1907.09273,2019,Armand Joulin,Facebook AI Research (facebookresearch/craftassist),industry research lab
1907.09273,2019,Gabriel Synnaeve,Facebook AI Research (facebookresearch/craftassist),industry research lab
1907.09273,2019,Douwe Kiela,Facebook AI Research (facebookresearch/craftassist),industry research lab
1907.09273,2019,Haonan Yu,Facebook AI Research (facebookresearch/craftassist),industry research lab
1907.09273,2019,Zhuoyuan Chen,Facebook AI Research (facebookresearch/craftassist),industry research lab
1907.09273,2019,Siddharth Goyal,Facebook AI Research (facebookresearch/craftassist),industry research lab
1907.09273,2019,Demi Guo,Facebook AI Research (facebookresearch/craftassist),industry research lab
1907.09273,2019,Danielle Rothermel,Facebook AI Research (facebookresearch/craftassist),industry research lab
1907.09273,2019,C. Lawrence Zitnick,Facebook AI Research (facebookresearch/craftassist),industry research lab
1907.09273,2019,Jason Weston,Facebook AI Research (facebookresearch/craftassist),industry research lab
1905.07028,2019,Laszlo Treszkai,"School of Informatics, University of Edinburgh, Edinburgh, UK",research university
1905.07028,2019,Vaishak Belle,"School of Informatics, University of Edinburgh, Edinburgh, UK; Alan Turing Institute, London, UK",research university and national research institute
1908.07651,2019,Tajul Rosli Razak,"Faculty of Computer and Mathematical Sciences, Universiti Teknologi Mara (Perlis)",public university
1905.07030,2019,Daoming Lyu,"Auburn University, Auburn, AL 36849, USA",research university
1907.07631,2019,Pavel Surynek,"Faculty of Information Technology, Czech Technical University in Prague, Thákurova 9, 160 00 Praha 6, Czech Republic",research university
1911.07318,2019,Michael Cashmore,"University of Strathclyde, United Kingdom",research university
1911.07318,2019,Alessandro Cimatti,"Fondazione Bruno Kessler, Italy",nonprofit research institute
1911.07318,2019,Daniele Magazzeni,"King's College London, United Kingdom",research university
1911.07318,2019,Andrea Micheli,"Fondazione Bruno Kessler, Italy",nonprofit research institute
1911.07318,2019,Parisa Zehtabi,"King's College London, United Kingdom",research university
1908.05145,2019,Sabine Frittella,"INSA Centre Val de Loire, Univ. Orléans, LIFO EA 4022, France",engineering school / research university
1908.05145,2019,Krishna Manoorkar,"Technion, Haifa, Israel",research university
1908.05145,2019,Alessandra Palmigiano,"VU School of Business and Economics, Amsterdam, the Netherlands, and Department of Mathematics and Applied Mathematics, University of Johannesburg, South Africa",research university
1908.05145,2019,Apostolos Tzimoulis,"VU School of Business and Economics, Amsterdam, The Netherlands",research university
1908.05145,2019,Nachoem M. Wijnberg,"Amsterdam Business School, the Netherlands and College of Business and Economics, University of Johannesburg, South Africa",research university
1901.10405,2019,Thomas J. Ringstrom,"Department of Computer Science, University of Minnesota, Minneapolis, MN",research university
1901.10405,2019,Paul R. Schrater,"Department of Computer Science and Department of Psychology, University of Minnesota, Minneapolis, MN",research university
1909.04386,2019,Xavier Ferrer Aran,"Department of Informatics, King's College London, United Kingdom",research university
1909.04386,2019,Jose M. Such,"Department of Informatics, King's College London, United Kingdom",research university
1909.04386,2019,Natalia Criado,"Department of Informatics, King's College London, United Kingdom",research university
1911.05499,2019,D. Höller,"Institute of Artificial Intelligence, Ulm University, 89081 Ulm, Germany",research university
1911.05499,2019,G. Behnke,"Institute of Artificial Intelligence, Ulm University, 89081 Ulm, Germany",research university
1911.05499,2019,P. Bercher,"Institute of Artificial Intelligence, Ulm University, 89081 Ulm, Germany",research university
1911.05499,2019,S. Biundo,"Institute of Artificial Intelligence, Ulm University, 89081 Ulm, Germany",research university
1911.05499,2019,H. Fiorino,"University Grenoble Alpes, LIG, F-38000 Grenoble, France",research university
1911.05499,2019,D. Pellier,"University Grenoble Alpes, LIG, F-38000 Grenoble, France",research university
1911.05499,2019,R. Alford,"The MITRE Corporation, McLean, Virginia, USA",nonprofit research and development organization
1907.09468,2019,Marko Špoljarec,"Privredna banka Zagreb, Radnička cesta 44, 10000 Zagreb, Croatia",commercial bank
1907.09468,2019,Robert Manger,"University of Zagreb, Faculty of Science, Department of Mathematics, Bijenička cesta 30, 10000 Zagreb, Croatia",research university
1902.09835,2019,Céline Hocquette,"Department of Computing, Imperial College London, London, UK",research university
1902.09835,2019,Stephen H. Muggleton,"Department of Computing, Imperial College London, London, UK",research university
1908.06183,2019,Anthony D. Rhodes,Portland State University,research university
1904.07366,2019,Jingkai Chen,MIT Computer Science and Artificial Intelligence Laboratory,research university
1904.07366,2019,Cheng Fang,MIT Computer Science and Artificial Intelligence Laboratory,research university
1904.07366,2019,David Wang,MIT Computer Science and Artificial Intelligence Laboratory,research university
1904.07366,2019,Andrew Wang,MIT Computer Science and Artificial Intelligence Laboratory,research university
1904.07366,2019,Brian Williams,MIT Computer Science and Artificial Intelligence Laboratory,research university
1902.10119,2019,Mohammad Ali Javidian,"Department of Computer Science and Engineering, University of South Carolina, Columbia, SC, USA",research university
1902.10119,2019,Pooyan Jamshidi,"Department of Computer Science and Engineering, University of South Carolina, Columbia, SC, USA",research university
1902.10119,2019,Marco Valtorta,"Department of Computer Science and Engineering, University of South Carolina, Columbia, SC, USA",research university
1902.02279,2019,M. Gonzalez-Soto,"Coordinación de Ciencias Computacionales, Instituto Nacional de Astrofísica Óptica y Electrónica (INAOE), Luis Enrique Erro 1, Santa Maria Tonanzintla, Puebla, México",national research institute
1902.02279,2019,L. E. Sucar,"Coordinación de Ciencias Computacionales, Instituto Nacional de Astrofísica Óptica y Electrónica (INAOE), Luis Enrique Erro 1, Santa Maria Tonanzintla, Puebla, México",national research institute
1902.02279,2019,H. J. Escalante,"Coordinación de Ciencias Computacionales, Instituto Nacional de Astrofísica Óptica y Electrónica (INAOE), Luis Enrique Erro 1, Santa Maria Tonanzintla, Puebla, México",national research institute
1903.09569,2019,Li Zhang,"Zhejiang University, Hangzhou 310027, China",research university
1903.09569,2019,Wei Wang,"Zhejiang University, Hangzhou 310027, China",research university
1903.09569,2019,Shijian Li,"Zhejiang University, Hangzhou 310027, China",research university
1903.09569,2019,Gang Pan,"Zhejiang University, Hangzhou 310027, China",research university
1912.09644,2019,Dongfang Zhao,University of Nevada,research university
1909.01128,2019,Tomi Janhunen,"Department of Computer Science, Aalto University, Espoo, Finland; Computing Sciences Unit, Tampere University, Tampere, Finland",research university
1909.01128,2019,Michael Sioutis,"Department of Computer Science, Aalto University, Espoo, Finland",research university
1902.10178,2019,Sebastian Lapuschkin,"Department of Video Coding & Analytics, Fraunhofer Heinrich Hertz Institute, Einsteinufer 37, 10587 Berlin, Germany",government research institute
1902.10178,2019,Stephan Wäldchen,"Department of Electrical Engineering and Computer Science, Technische Universität Berlin, Marchstr. 23, 10587 Berlin, Germany",research university
1902.10178,2019,Alexander Binder,"ISTD Pillar, Singapore University of Technology and Design, 8 Somapah Rd, Singapore 487372, Singapore",research university
1902.10178,2019,Grégoire Montavon,"Department of Electrical Engineering and Computer Science, Technische Universität Berlin, Marchstr. 23, 10587 Berlin, Germany",research university
1902.10178,2019,Wojciech Samek,"Department of Video Coding & Analytics, Fraunhofer Heinrich Hertz Institute, Einsteinufer 37, 10587 Berlin, Germany",government research institute
1902.10178,2019,Klaus-Robert Müller,"Department of Electrical Engineering and Computer Science, Technische Universität Berlin, Marchstr. 23, 10587 Berlin, Germany; Department of Brain and Cognitive Engineering, Korea University, Seoul, Republic of Korea; Max Planck Institut für Informatik, Saarbrücken, Germany",research university / national research institute
1908.10258,2019,Naman Goel,"Swiss Federal Institute of Technology, Lausanne (EPFL)",research university
1908.10258,2019,Cyril van Schreven,"Swiss Federal Institute of Technology, Lausanne (EPFL)",research university
1908.10258,2019,Aris Filos-Ratsikas,"University of Liverpool, UK",research university
1908.10258,2019,Boi Faltings,"Swiss Federal Institute of Technology, Lausanne (EPFL)",research university
1904.09837,2019,Md Mahmudul Hassan,"Department of Mechanical and Industrial Engineering, Northeastern University, 360 Huntington Ave, Boston, MA 02115, USA",research university
1904.09837,2019,Dizuo Jiang,"Department of Mechanical and Industrial Engineering, Northeastern University, 360 Huntington Ave, Boston, MA 02115, USA",research university
1904.09837,2019,A. M. M. Sharif Ullah,"School of Regional Innovation and Social Design Engineering, Kitami Institute of Technology, 165 Koen-cho, Kitami, Hokkaido 090-8507, Japan",research university
1904.09837,2019,Md. Noor-E-Alam,"Department of Mechanical and Industrial Engineering, Northeastern University, 360 Huntington Ave, Boston, MA 02115, USA",research university
1909.08252,2019,Liu Liu,"Department of Computer Science, University of Kentucky, Lexington, KY 40506, USA",research university
1909.08252,2019,Miroslaw Truszczynski,"Department of Computer Science, University of Kentucky, Lexington, KY 40506, USA",research university
1907.12495,2019,Alessio Fiorentino,"Department of Mathematics and Computer Science, University of Calabria, Rende, Italy",research university
1907.12495,2019,Nicola Leone,"Department of Mathematics and Computer Science, University of Calabria, Rende, Italy",research university
1907.12495,2019,Marco Manna,"Department of Mathematics and Computer Science, University of Calabria, Rende, Italy",research university
1907.12495,2019,Simona Perri,"Department of Mathematics and Computer Science, University of Calabria, Rende, Italy",research university
1907.12495,2019,Jessica Zangari,"Department of Mathematics and Computer Science, University of Calabria, Rende, Italy",research university
1911.04766,2019,Tobias Geibinger,"Christian Doppler Laboratory for Artificial Intelligence and Optimization for Planning and Scheduling, Databases and Artificial Intelligence Group, TU Wien, Favoritenstraße 9-11, 1040 Vienna, Austria",research university
1911.04766,2019,Florian Mischek,"Christian Doppler Laboratory for Artificial Intelligence and Optimization for Planning and Scheduling, Databases and Artificial Intelligence Group, TU Wien, Favoritenstraße 9-11, 1040 Vienna, Austria",research university
1911.04766,2019,Nysret Musliu,"Christian Doppler Laboratory for Artificial Intelligence and Optimization for Planning and Scheduling, Databases and Artificial Intelligence Group, TU Wien, Favoritenstraße 9-11, 1040 Vienna, Austria",research university
1909.04309,2019,Stéphanie Chevalier,"LRI, CNRS, U. Paris-Sud, U. Paris-Saclay, France",public research university with CNRS lab
1909.04309,2019,Christine Froidevaux,"LRI, CNRS, U. Paris-Sud, U. Paris-Saclay, France",public research university with CNRS lab
1909.04309,2019,Loïc Paulevé,"LaBRI, CNRS, U. Bordeaux, Bordeaux INP, France",public research university with CNRS lab
1909.04309,2019,Andrei Zinovyev,"Institut Curie, INSERM, U. PSL, Mines ParisTech, France",cancer research institute
1911.01156,2019,Frank Stein,,unknown
1911.01156,2019,Alun Preece,,unknown
1903.08772,2019,Jaroslav Vítků,GoodAI,AI research company
1903.08772,2019,Petr Dluhoš,GoodAI,AI research company
1903.08772,2019,Joseph Davidson,GoodAI,AI research company
1903.08772,2019,Matěj Nikl,GoodAI,AI research company
1903.08772,2019,Simon Andersson,GoodAI,AI research company
1903.08772,2019,Přemysl Paška,GoodAI,AI research company
1903.08772,2019,Jan Šinkora,GoodAI,AI research company
1903.08772,2019,Petr Hlubuček,GoodAI,AI research company
1903.08772,2019,Martin Stránský,GoodAI,AI research company
1903.08772,2019,Martin Hyben,GoodAI,AI research company
1903.08772,2019,Martin Poliak,GoodAI,AI research company
1903.08772,2019,Jan Feyereisl,GoodAI,AI research company
1903.08772,2019,Marek Rosa,GoodAI,AI research company
1911.00449,2019,Yun Bai,"School of Economics and Management, Beihang University, Beijing 100191, China",research university
1911.00449,2019,Suling Jia,"School of Economics and Management, Beihang University, Beijing 100191, China",research university
1911.00449,2019,Xixi Li,"School of Economics and Management, Beihang University, Beijing 100191, China",research university
1904.11694,2019,Honghua Dong,"ITCS, IIIS, Tsinghua University",research university
1904.11694,2019,Jiayuan Mao,"ITCS, IIIS, Tsinghua University",research university
1904.11694,2019,Tian Lin,Google Inc.,tech company
1904.11694,2019,Chong Wang,ByteDance Inc.,tech company
1904.11694,2019,Lihong Li,Google Inc.,tech company
1904.11694,2019,Denny Zhou,Google Inc.,tech company
2012.07827,2020,Kate Baumli,"DeepMind, {baumli}@google.com",industry research lab
2012.07827,2020,David Warde-Farley,"DeepMind, {dwf}@google.com",industry research lab
2012.07827,2020,Steven Hansen,"DeepMind, {stevenhansen}@google.com",industry research lab
2012.07827,2020,Volodymyr Mnih,"DeepMind, {vmnih}@google.com",industry research lab
2005.14664,2020,Josef Urban,"Czech Institute of Informatics, Robotics and Cybernetics, Prague, Czech Republic",government research institute
2005.14664,2020,Jan Jakubův,"Czech Institute of Informatics, Robotics and Cybernetics, Prague, Czech Republic",government research institute
2009.09263,2020,Bin Wang,"Electrical and Computer Engineering, University of Southern California, Los Angeles, CA, USA",research university
2009.09263,2020,Guangtao Wang,"AI Research, JD.com, Mountain View, CA, USA",tech company
2009.09263,2020,Jing Huang,"AI Research, JD.com, Mountain View, CA, USA",tech company
2009.09263,2020,Jiaxuan You,"Computer Science, Stanford University, Stanford, CA, USA",research university
2009.09263,2020,Jure Leskovec,"Computer Science, Stanford University, Stanford, CA, USA",research university
2009.09263,2020,C. -C. Jay Kuo,"Electrical and Computer Engineering, University of Southern California, Los Angeles, CA, USA",research university
2007.04933,2020,Luigi Asprino,"FICLIT, University of Bologna, via Zamboni, 32 - 40126 - Bologna; STLab (ISTC-CNR), Via San Martino della Battaglia, 44, 00185 Rome, Italy",research university and national research council institute
2007.04933,2020,Paolo Ciancarini,"DISI, University of Bologna, Mura Anteo Zamboni, 7, 40126 Bologna, Italy; Innopolis University, Russian Federation",research university
2007.04933,2020,Andrea Giovanni Nuzzolese,"STLab (ISTC-CNR), Via San Martino della Battaglia, 44, 00185 Rome, Italy",national research council institute
2007.04933,2020,Valentina Presutti,"LILEC, University of Bologna, Via Cartoleria 5, Bologna, Italy; STLab (ISTC-CNR), Via San Martino della Battaglia, 44, 00185 Rome, Italy",research university and national research council institute
2007.04933,2020,Alessandro Russo,"STLab (ISTC-CNR), Via San Martino della Battaglia, 44, 00185 Rome, Italy",national research council institute
2008.05131,2020,Yilei Zeng,University of Southern California,research university
2008.05131,2020,Deren Lei,University of Southern California,research university
2008.05131,2020,Beichen Li,University of Southern California,research university
2008.05131,2020,Gangrong Jiang,University of Southern California,research university
2008.05131,2020,Emilio Ferrara,University of Southern California,research university
2008.05131,2020,Michael Zyda,University of Southern California,research university
2011.09967,2020,Wanshi Hong,"Energy Analysis and Environmental Impact Division, Lawrence Berkeley National Laboratory",national lab
2011.09967,2020,Cong Zhang,"Energy Analysis and Environmental Impact Division, Lawrence Berkeley National Laboratory",national lab
2011.09967,2020,Cy Chan,"Energy Analysis and Environmental Impact Division, Lawrence Berkeley National Laboratory",national lab
2011.09967,2020,Bin Wang,"Energy Analysis and Environmental Impact Division, Lawrence Berkeley National Laboratory",national lab
2010.10724,2020,Jeffrey M. Dudek,"Rice University, Houston, USA",research university
2010.10724,2020,Dror Fried,"The Open University of Israel, Israel",research university
2010.10724,2020,Kuldeep S. Meel,"National University of Singapore, Singapore",research university
2010.13482,2020,A. Jakovac,"Wigner Research Centre for Physics, 1121 Budapest, Hungary",national research institute
2010.13482,2020,D. Berenyi,"Wigner Research Centre for Physics, 1121 Budapest, Hungary",national research institute
2010.13482,2020,P. Posfay,"Wigner Research Centre for Physics, 1121 Budapest, Hungary",national research institute
2003.05856,2020,Massimo Caccia,"Mila - Quebec AI Institute, Université de Montréal",nonprofit AI research institute / research university
2003.05856,2020,Pau Rodriguez,ElementAI,industry research lab
2003.05856,2020,Oleksiy Ostapenko,"Mila - Quebec AI Institute, Université de Montréal",nonprofit AI research institute / research university
2003.05856,2020,Fabrice Normandin,"Mila - Quebec AI Institute, Université de Montréal",nonprofit AI research institute / research university
2003.05856,2020,Min Lin,"Mila - Quebec AI Institute, Université de Montréal",nonprofit AI research institute / research university
2003.05856,2020,Lucas Caccia,"Mila - Quebec AI Institute, Facebook AI Research, McGill University",nonprofit AI research institute / tech company / research university
2003.05856,2020,Issam Laradji,ElementAI,industry research lab
2003.05856,2020,Irina Rish,"Mila - Quebec AI Institute, Université de Montréal, Canada CIFAR AI Chair",nonprofit AI research institute / research university
2003.05856,2020,Alexandre Lacoste,ElementAI,industry research lab
2003.05856,2020,David Vazquez,ElementAI,industry research lab
2003.05856,2020,Laurent Charlin,"Mila - Quebec AI Institute, HEC Montréal, Canada CIFAR AI Chair",nonprofit AI research institute / business school
2012.04218,2020,Mythreyi Velmurugan,"Queensland University of Technology, Brisbane, Australia",research university
2012.04218,2020,Chun Ouyang,"Queensland University of Technology, Brisbane, Australia",research university
2012.04218,2020,Catarina Moreira,"Queensland University of Technology, Brisbane, Australia",research university
2012.04218,2020,Renuka Sindhgatta,"Queensland University of Technology, Brisbane, Australia",research university
2011.07751,2020,Pengpeng Shao,"National Laboratory of Pattern Recognition, Institute of Automation, Chinese Academy of Sciences",national research institute
2011.07751,2020,Guohua Yang,"National Laboratory of Pattern Recognition, Institute of Automation, Chinese Academy of Sciences",national research institute
2011.07751,2020,Dawei Zhang,"National Laboratory of Pattern Recognition, Institute of Automation, Chinese Academy of Sciences",national research institute
2011.07751,2020,Jianhua Tao,"National Laboratory of Pattern Recognition, Institute of Automation, Chinese Academy of Sciences; School of Artificial Intelligence, University of Chinese Academy of Sciences",national research institute and research university
2011.07751,2020,Feihu Che,"National Laboratory of Pattern Recognition, Institute of Automation, Chinese Academy of Sciences",national research institute
2011.07751,2020,Tong Liu,"National Laboratory of Pattern Recognition, Institute of Automation, Chinese Academy of Sciences",national research institute
2008.07372,2020,Welverton R. Silva,"Institute of Computing, University of Campinas, Campinas, São Paulo, Brazil",research university
2008.07372,2020,Rafael C. S. Schouery,"Institute of Computing, University of Campinas, Campinas, São Paulo, Brazil",research university
2007.05402,2020,Jinho Lee,"Department of Computer Science and Engineering, Korea University",research university
2007.05402,2020,Raehyun Kim,"Department of Computer Science and Engineering, Korea University",research university
2007.05402,2020,Seok-Won Yi,"Department of Computer Science and Engineering, Korea University",research university
2007.05402,2020,Jaewoo Kang,"Department of Computer Science and Engineering, Korea University",research university
2001.04186,2020,Debajyoti Paul Chowdhury,"University of Rostock, Rostock, Germany",research university
2001.04186,2020,Arghya Biswas,"University of Rostock, Rostock, Germany",research university
2001.04186,2020,Tomasz Sosnowski,"University of Rostock, Rostock, Germany",research university
2001.04186,2020,Kristina Yordanova,"University of Rostock, Rostock, Germany; University of Bristol, Bristol, UK; Kurt Lewin Center for Theoretical Psychology",research university
2008.07971,2020,Florian Fuchs,1,unknown
2008.07971,2020,Yunlong Song,2,unknown
2008.07971,2020,Elia Kaufmann,2,unknown
2008.07971,2020,Davide Scaramuzza,2,unknown
2008.07971,2020,Peter Duerr,1,unknown
2010.11523,2020,Jorik Jooken,"Department of Computer Science, KU Leuven Kulak, Etienne Sabbelaan 53, 8500 Kortrijk, Belgium",research university
2010.11523,2020,Pieter Leyman,"Department of Computer Science, KU Leuven Kulak, Kortrijk, Belgium; Department of Industrial Systems Engineering and Production Design, Ghent University, Zwijnaarde, Belgium; Industrial Systems Engineering, Flanders Make@UGent, Kortrijk, Belgium",research university
2010.11523,2020,Tony Wauters,"Department of Computer Science, CODeS, KU Leuven, Gebroeders De Smetstraat 1, 9000 Ghent, Belgium",research university
2010.11523,2020,Patrick De Causmaecker,"Department of Computer Science, KU Leuven Kulak, Etienne Sabbelaan 53, 8500 Kortrijk, Belgium",research university
2008.06595,2020,Feng Wang,"School of Economics and Business Administration, Chongqing University, Chongqing, 400044, China",research university
2008.06595,2020,Dongjie Shi,"School of Economics and Business Administration, Chongqing University, Chongqing, 400044, China",research university
2008.06595,2020,Teng Liu,"Clinical Research Center (CRC), Clinical Pathology Center (CPC), Chongqing University Three Gorges Hospital, Chongqing University, Wanzhou, Chongqing, China",university hospital
2008.06595,2020,Xiaolin Tang,"College of Mechanical and Vehicle Engineering, Chongqing University, Chongqing, 400044, China",research university
2012.05860,2020,Daoming Zong,East China Normal University,research university
2012.05860,2020,Shiliang Sun,East China Normal University,research university
2006.01473,2020,Emmanouil Rigas,"Department of Electrical and Computer Engineering and the KIOS Research and Innovation Center of Excellence (KIOS CoE), University of Cyprus",research university
2006.01473,2020,Panayiotis Kolios,"Department of Electrical and Computer Engineering and the KIOS Research and Innovation Center of Excellence (KIOS CoE), University of Cyprus",research university
2006.01473,2020,Georgios Ellinas,"Department of Electrical and Computer Engineering and the KIOS Research and Innovation Center of Excellence (KIOS CoE), University of Cyprus",research university
2006.08153,2020,Fadwa Oukhay,"LISI laboratory, INSAT institute, Carthage University, Tunis, Tunisia",research university
2006.08153,2020,Pascale Zaraté,"University of Toulouse, IRIT, Toulouse, France",research university
2006.08153,2020,Taieb Romdhane,"LISI laboratory, INSAT institute, Carthage University, Tunis, Tunisia",research university
2012.15358,2020,Ashkan Yousefi Zadeh,"Msc student, Mechanical engineering department, University of Guilan",research university
2012.15358,2020,Meysam Shahbazy,"Msc student, Mechanical engineering department, University of Guilan",research university
2011.09410,2020,Deokgun Park,"Computer Science and Engineering, University of Texas at Arlington, Arlington, Texas USA",research university
2011.09410,2020,Md Ashaduzzaman Rubel Mondol,"Computer Science and Engineering, University of Texas at Arlington, Arlington, Texas USA",research university
2011.09410,2020,Aishwarya Pothula,"Computer Science and Engineering, University of Texas at Arlington, Arlington, Texas USA",research university
2011.09410,2020,Mazharul Islam,"Computer Science and Engineering, University of Texas at Arlington, Arlington, Texas USA",research university
2003.01848,2020,Paul Pu Liang,Carnegie Mellon University,research university
2003.01848,2020,Jeffrey Chen,Carnegie Mellon University,research university
2003.01848,2020,Ruslan Salakhutdinov,Carnegie Mellon University,research university
2003.01848,2020,Louis-Philippe Morency,Carnegie Mellon University,research university
2003.01848,2020,Satwik Kottur,Carnegie Mellon University,research university
2007.09300,2020,SM Mazharul Islam,"Department of Computer Science and Engineering, University of Texas, Arlington, Texas USA",research university
2007.09300,2020,Md Ashaduzzaman Rubel Mondol,"Department of Computer Science and Engineering, University of Texas, Arlington, Texas USA",research university
2007.09300,2020,Aishwarya Pothula,"Department of Computer Science and Engineering, University of Texas, Arlington, Texas USA",research university
2007.09300,2020,Deokgun Park,"Department of Computer Science and Engineering, University of Texas, Arlington, Texas USA",research university
2011.12863,2020,Francesca Foffano,Ca' Foscari University of Venice European Centre for Living Technology,research university
2011.12863,2020,Teresa Scantamburlo,Ca' Foscari University of Venice European Centre for Living Technology,research university
2011.12863,2020,Atia Cortés,Barcelona Supercomputing Center,national lab
2011.12863,2020,Chiara Bissolo,Ca' Foscari University of Venice European Centre for Living Technology,research university
2009.00433,2020,Valerio Agasucci,"DIAG, Sapienza University of Rome, Rome, Italy; OPTRAIL, Rome, Italy",research university / rail tech startup
2009.00433,2020,Giorgio Grani,"Department of Statistical Sciences, Sapienza University of Rome, Rome, Italy",research university
2009.00433,2020,Leonardo Lamorgese,"OPTRAIL, Rome, Italy",rail tech startup
2001.10953,2020,Nihar Bendre,"Secure AI & Autonomy Laboratory, Department of Electrical and Computer Engineering, University of Texas at San Antonio, San Antonio, TX 78249, USA",research university
2001.10953,2020,Nima Ebadi,"Secure AI & Autonomy Laboratory, Department of Electrical and Computer Engineering, University of Texas at San Antonio, San Antonio, TX 78249, USA",research university
2001.10953,2020,John J Prevost,"Department of Electrical and Computer Engineering, University of Texas at San Antonio, San Antonio, TX 78249, USA",research university
2001.10953,2020,Paul Rad,"Secure AI and Autonomy Laboratory, Department of Electrical and Computer Engineering, Department of Information Systems and Cyber Security, University of Texas at San Antonio, San Antonio, TX 78249, USA",research university
2001.02912,2020,Sharon Oviatt,"Monash University, Melbourne, VIC, Australia",research university
2001.02912,2020,Laure Soulier,"Sorbonne Universit, CNRS, LIP6, F-75005 Paris, France",research university
2004.12908,2020,Jayanta Dey,1,research university
2004.12908,2020,Joshua T. Vogelstein,1,research university
2004.12908,2020,Hayden S. Helm,1,research university
2004.12908,2020,Will LeVine,1,research university
2004.12908,2020,Ronak D. Mehta,1,research university
2004.12908,2020,Tyler M. Tomita,1,research university
2004.12908,2020,Haoyin Xu,1,research university
2004.12908,2020,Ali Geisa,1,research university
2004.12908,2020,Qingyang Wang,1,research university
2004.12908,2020,Gido M. van de Ven,"2,3",research university
2004.12908,2020,Chenyu Gao,1,research university
2004.12908,2020,Weiwei Yang,4,tech company
2004.12908,2020,Bryan Tower,4,tech company
2004.12908,2020,Jonathan Larson,4,tech company
2004.12908,2020,Christopher M. White,4,tech company
2004.12908,2020,Carey E. Priebe,1,research university
2010.03790,2020,Keerthiram Murugesan,"IBM Research, Yorktown Heights",industry research lab
2010.03790,2020,Mattia Atzeni,"IBM Research, Zurich",industry research lab
2010.03790,2020,Pavan Kapanipathi,"IBM Research, Yorktown Heights",industry research lab
2010.03790,2020,Pushkar Shukla,TTI Chicago,research institute
2010.03790,2020,Sadhana Kumaravel,"IBM Research, Yorktown Heights",industry research lab
2010.03790,2020,Gerald Tesauro,"IBM Research, Yorktown Heights",industry research lab
2010.03790,2020,Kartik Talamadupula,"IBM Research, Yorktown Heights",industry research lab
2010.03790,2020,Mrinmaya Sachan,ETH Zurich,research university
2010.03790,2020,Murray Campbell,"IBM Research, Yorktown Heights",industry research lab
2009.10236,2020,Alex Brik,"Google Inc., USA",tech company
2007.09448,2020,Alberto Santamaria-Pang,"Artificial Intelligence, GE Research, Niskayuna, NY 12309, USA",industry research lab
2007.09448,2020,James Kubricht,"Artificial Intelligence, GE Research, Niskayuna, NY 12309, USA",industry research lab
2007.09448,2020,Aritra Chowdhury,"Artificial Intelligence, GE Research, Niskayuna, NY 12309, USA",industry research lab
2007.09448,2020,Chitresh Bhushan,"Artificial Intelligence, GE Research, Niskayuna, NY 12309, USA",industry research lab
2007.09448,2020,Peter Tu,"Artificial Intelligence, GE Research, Niskayuna, NY 12309, USA",industry research lab
2007.09450,2020,Ezio Bartocci,"TU Wien, Austria",research university
2007.09450,2020,Laura Kovács,"TU Wien, Austria",research university
2007.09450,2020,Miroslav Stankovič,"TU Wien, Austria",research university
2012.07172,2020,Ishan Sinha,"Department of Computer Science, Princeton University",research university
2012.07172,2020,Taylor W. Webb,"Department of Psychology, University of California, Los Angeles",research university
2012.07172,2020,Jonathan D. Cohen,"Department of Neuroscience, Princeton University",research university
2004.13654,2020,Stuart Armstrong,"Future of Humanity Institute, Oxford University, UK; Machine Intelligence Research Institute, Berkeley, USA",think tank / academic research institute
2004.13654,2020,Jan Leike,"DeepMind, London, UK",industry research lab
2004.13654,2020,Laurent Orseau,"DeepMind, London, UK",industry research lab
2004.13654,2020,Shane Legg,"DeepMind, London, UK",industry research lab
2009.03457,2020,Jianfeng Gao,Microsoft Research,industry research lab
2009.03457,2020,Baolin Peng,Microsoft Research,industry research lab
2009.03457,2020,Chunyuan Li,Microsoft Research,industry research lab
2009.03457,2020,Jinchao Li,Microsoft Research,industry research lab
2009.03457,2020,Shahin Shayandeh,Microsoft Research,industry research lab
2009.03457,2020,Lars Liden,Microsoft Research,industry research lab
2009.03457,2020,Heung-Yeung Shum,Microsoft Research,industry research lab
2004.01098,2020,Weichao Mao,"Coordinated Science Laboratory, University of Illinois, Urbana, IL 61801, U.S.A.",research university
2004.01098,2020,Kaiqing Zhang,"Coordinated Science Laboratory, University of Illinois, Urbana, IL 61801, U.S.A.",research university
2004.01098,2020,Erik Miehling,"Coordinated Science Laboratory, University of Illinois, Urbana, IL 61801, U.S.A.",research university
2004.01098,2020,Tamer Başar,"Coordinated Science Laboratory, University of Illinois, Urbana, IL 61801, U.S.A.",research university
2008.04589,2020,Leon Keller,"Intelligent Autonomous Systems, Technische Universität Darmstadt",research university
2008.04589,2020,Daniel Tanneberg,"Intelligent Autonomous Systems, Technische Universität Darmstadt",research university
2008.04589,2020,Svenja Stark,"Intelligent Autonomous Systems, Technische Universität Darmstadt",research university
2008.04589,2020,Jan Peters,"Intelligent Autonomous Systems, Technische Universität Darmstadt; Robot Learning Group, Max-Planck Institute for Intelligent Systems",research university and public research institute
2012.12335,2020,Carlos Núñez-Molina,"Departamento de Ciencias de la Computación e IA, Universidad de Granada",research university
2012.12335,2020,Vladislav Nikolov,"Departamento de Ciencias de la Computación e IA, Universidad de Granada",research university
2012.12335,2020,Ignacio Vellido,"Departamento de Ciencias de la Computación e IA, Universidad de Granada",research university
2012.12335,2020,Juan Fernández-Olivares,"Departamento de Ciencias de la Computación e IA, Universidad de Granada",research university
2004.00980,2020,Anssi Kanervisto,"School of Computing, University of Eastern Finland, Joensuu, Finland",research university
2004.00980,2020,Christian Scheller,"Institute for Data Science, University of Applied Sciences Northwestern Switzerland, Windisch, Switzerland",university of applied sciences
2004.00980,2020,Ville Hautamäki,"School of Computing, University of Eastern Finland, Joensuu, Finland",research university
2006.00417,2020,Jeiyoon Park,"Korea University, Seoul, Republic of Korea",research university
2006.00417,2020,Chanhee Lee,"Korea University, Seoul, Republic of Korea",research university
2006.00417,2020,Kuekyeng Kim,"Korea University, Seoul, Republic of Korea; Massachusetts Institute of Technology",research university
2006.00417,2020,Heuiseok Lim,"Korea University, Seoul, Republic of Korea",research university
2101.01067,2020,Md. Ashek-Al-Aziz,University of Development Alternative (UODA),private university
2101.01067,2020,Sagar Mahmud,University of Development Alternative (UODA),private university
2101.01067,2020,Md. Azizul Islam,University of Development Alternative (UODA),private university
2101.01067,2020,Jubayer Al Mahmud,University of Dhaka,public research university
2101.01067,2020,Khan Md. Hasib,Ahsanullah University of Science and Technology (AUST),private university
2007.12904,2020,Zehong Cao,arXiv:2007.12904v2 [cs.AI] 26 Dec 2020,unknown
2007.12904,2020,KaiChiu Wong,arXiv:2007.12904v2 [cs.AI] 26 Dec 2020,unknown
2007.12904,2020,Chin-Teng Lin,arXiv:2007.12904v2 [cs.AI] 26 Dec 2020,unknown
2004.12770,2020,Cristobal Eyzaguirre,Pontificia Universidad Catolica de Chile,research university
2004.12770,2020,Alvaro Soto,Pontificia Universidad Catolica de Chile,research university
2003.00683,2020,Rupam Acharyya,unknown,unknown
2003.00683,2020,Shouman Das,unknown,unknown
2003.00683,2020,Ankani Chattoraj,unknown,unknown
2003.00683,2020,Oishani Sengupta,unknown,unknown
2003.00683,2020,Md Iftekar Tanveer,unknown,unknown
2012.08622,2020,Ali Yazdizadeh,"LiTrans, Ryerson University",research university
2012.08622,2020,Bilal Farooq,"LiTrans, Ryerson University",research university
2012.08128,2020,Yao Zhu,"Center for Data Science, Peking University, Beijing, China",research university
2012.08128,2020,Hongzhi Liu,"School of Software and Microelectronics, Peking University, Beijing, China",research university
2012.08128,2020,Zhonghai Wu,"National Engineering Center of Software Engineering, Peking University, Beijing, China; Key Lab of High Confidence Software Technologies (MOE), Peking University, Beijing, China",research university
2012.08128,2020,Yingpeng Du,"School of Software and Microelectronics, Peking University, Beijing, China",research university
2003.00030,2020,Romina Abachi,"Department of Computer Science, University of Toronto & the Vector Institute, Toronto, Canada",research university and AI nonprofit institute
2003.00030,2020,Mohammad Ghavamzadeh,"Google Research, CA, USA",tech company research lab
2003.00030,2020,Amir-massoud Farahmand,"The Vector Institute & the Department of Computer Science and the Department of Mechanical and Industrial Engineering, University of Toronto, Toronto, Canada",AI nonprofit institute and research university
2005.09331,2020,Athina Georgara,Artificial Intelligence Research Institute (IIIA-CSIC),government research institute
2005.09331,2020,Carles Sierra,Artificial Intelligence Research Institute (IIIA-CSIC),government research institute
2005.09331,2020,Juan A. Rodríguez-Aguilar,Artificial Intelligence Research Institute (IIIA-CSIC),government research institute
2009.14665,2020,Jiqian Dong,"Center for Connected and Automated Transportation (CCAT), and Lyles School of Civil Engineering, Purdue University, W. Lafayette, IN 47907",research university
2009.14665,2020,Sikai Chen,"Center for Connected and Automated Transportation (CCAT), Lyles School of Civil Engineering, Purdue University, W. Lafayette, IN 47906, and Robotics Institute, School of Computer Science, Carnegie Mellon University, Pittsburgh, PA",research university
2009.14665,2020,Yujie Li,"Center for Connected and Automated Transportation (CCAT), and Lyles School of Civil Engineering, Purdue University, W. Lafayette, IN 47907",research university
2009.14665,2020,Runjia Du,"Center for Connected and Automated Transportation (CCAT), and Lyles School of Civil Engineering, Purdue University, W. Lafayette, IN 47907",research university
2009.14665,2020,Aaron Steinfeld,"Robotics Institute, School of Computer Science, Carnegie Mellon University, Pittsburgh, PA 15213",research university
2009.14665,2020,Samuel Labi,"Center for Connected and Automated Transportation (CCAT), and Lyles School of Civil Engineering, Purdue University, W. Lafayette, IN 47907",research university
2110.05387,2021,Kinjal Basu,"Department of Computer Science, The University of Texas at Dallas",research university
2110.05387,2021,Huaduo Wang,"Department of Computer Science, The University of Texas at Dallas",research university
2110.05387,2021,Nancy Dominguez,"Department of Computer Science, The University of Texas at Dallas",research university
2110.05387,2021,Xiangci Li,"Department of Computer Science, The University of Texas at Dallas",research university
2110.05387,2021,Fang Li,"Department of Computer Science, The University of Texas at Dallas",research university
2110.05387,2021,Sarat Chandra Varanasi,"Department of Computer Science, The University of Texas at Dallas",research university
2110.05387,2021,Gopal Gupta,"Department of Computer Science, The University of Texas at Dallas",research university
2103.00070,2021,Jiaoyan Chen,"Department of Computer Science, University of Oxford",research university
2103.00070,2021,Yuxia Geng,"College of Computer Science & AZFT Knowledge Engine Lab, Zhejiang University",research university
2103.00070,2021,Zhuo Chen,"College of Computer Science & AZFT Knowledge Engine Lab, Zhejiang University",research university
2103.00070,2021,Ian Horrocks,"Department of Computer Science, University of Oxford",research university
2103.00070,2021,Jeff Z. Pan,"School of Informatics, The University of Edinburgh",research university
2103.00070,2021,Huajun Chen,"College of Computer Science & AZFT Knowledge Engine Lab, Zhejiang University",research university
2103.04364,2021,Zaid Tahir,"Department of Computer Science, University of York, York YO105GH, UK",research university
2103.04364,2021,Rob Alexander,"Department of Computer Science, University of York, York YO105GH, UK",research university
2106.09106,2021,Tomas Folke,"Department of Mathematics and Computer Science, Rutgers University, Newark, NJ 07102, USA",research university
2106.09106,2021,ZhaoBin Li,liz2@carleton.edu,research university
2106.09106,2021,Ravi B. Sojitra,"Department of Mathematics and Computer Science, Rutgers University, Newark, NJ 07102, USA",research university
2106.09106,2021,Scott Cheng-Hsin Yang,"Department of Mathematics and Computer Science, Rutgers University, Newark, NJ 07102, USA",research university
2106.09106,2021,Patrick Shafto,"Department of Mathematics and Computer Science, Rutgers University, Newark, NJ 07102, USA",research university
2110.07898,2021,Chinazunwa Uwaoma,"The University of the West Indies, Jamaica",research university
2110.07898,2021,Gunjan. Mansingh,"The University of the West Indies, Jamaica",research university
2105.05330,2021,Md Kamruzzaman Sarker,"Department of Computer Science, Kansas State University, KS, USA",research university
2105.05330,2021,Lu Zhou,"Department of Computer Science, Kansas State University, KS, USA",research university
2105.05330,2021,Aaron Eberhart,"Department of Computer Science, Kansas State University, KS, USA",research university
2105.05330,2021,Pascal Hitzler,"Department of Computer Science, Kansas State University, KS, USA",research university
2109.08006,2021,Kwabena Nuamah,"School of Informatics, University of Edinburgh",research university
2110.07710,2021,Ilaria Angela Amantea,"Computer Science Department, CIRSFID, SaToSS, Università degli Studi di Torino, Alma Mater Studiorum, Université du Luxembourg, Turin - Bologna, Italy, Luxembourg",research university
2110.07710,2021,Livio Robaldo,"Legal Innovation Lab Wales, University of Swansea, Swansea, Wales (UK)",research university
2110.07710,2021,Emilio Sulis,"Computer Science Department, Università degli Studi di Torino, Turin, Italy",research university
2110.07710,2021,Guido Boella,"Computer Science Department, Università degli Studi di Torino, Turin, Italy",research university
2110.07710,2021,Guido Governatori,"Data61, CSIRO, Queensland, Australia",national lab
2102.07548,2021,Jichen Zhu,"Drexel University Philadelphia, PA",research university
2102.07548,2021,Santiago Ontañón,"Drexel University Philadelphia, PA (currently at Google)",research university
2103.14023,2021,Ye Yuan,Carnegie Mellon University,research university
2103.14023,2021,Xinshuo Weng,Carnegie Mellon University,research university
2103.14023,2021,Yanglan Ou,Penn State University,research university
2103.14023,2021,Kris Kitani,Carnegie Mellon University,research university
2102.00572,2021,Aref Hakimzadeh,unknown,unknown
2102.00572,2021,Yanbo Xue,unknown,unknown
2102.00572,2021,Peyman Setoodeh,unknown,unknown
2103.10844,2021,David Fernández Llorca,"Computer Engineering Department, University of Alcalá, Alcalá de Henares, Spain; European Commission, Joint Research Center, Seville, Spain",intergovernmental research institution / public university
2106.04984,2021,Shuo Li,Carnegie Mellon University,research university
2106.04984,2021,Matteo Pozzi,Carnegie Mellon University,research university
2104.12278,2021,Lu Cheng,"Computer Science and Engineering, Arizona State University",research university
2104.12278,2021,Ahmadreza Mosallanezhad,"Computer Science and Engineering, Arizona State University",research university
2104.12278,2021,Paras Sheth,"Computer Science and Engineering, Arizona State University",research university
2104.12278,2021,Huan Liu,"Computer Science and Engineering, Arizona State University",research university
2108.05809,2021,Farhana Faruqe,unknown,unknown
2108.05809,2021,Ryan Watkins,unknown,unknown
2108.05809,2021,Larry Medsker,unknown,unknown
2110.04507,2021,Shiyu Huang,"Tsinghua University, Beijing, China",research university
2110.04507,2021,Wenze Chen,"Tsinghua University, Beijing, China",research university
2110.04507,2021,Longfei Zhang,"National University of Defense Technology, Changsha, China",military research university
2110.04507,2021,Shizhen Xu,"RealAI, Beijing, China",AI safety company
2110.04507,2021,Ziyang Li,"Tencent AI Lab, Shenzhen, China",industry research lab
2110.04507,2021,Fengming Zhu,"Tencent AI Lab, Shenzhen, China",industry research lab
2110.04507,2021,Deheng Ye,"Tencent AI Lab, Shenzhen, China",industry research lab
2110.04507,2021,Ting Chen,"Tsinghua University, Beijing, China",research university
2110.04507,2021,Jun Zhu,"Tsinghua University, Beijing, China",research university
2102.12076,2021,Lana Sinapayen,"Sony Computer Science Laboratories, Kyoto Laboratory, 13-1 Hontorocho, Shimogyo Ward, Kyoto 6008086 Japan",industry research lab
2104.00409,2021,Parfait Atchade-Adelomou,"Research Group on Data Science for the Digital Society, La Salle - Universitat Ramon Llull, Barcelona, Spain; Lighthouse Disruptive Innovation Group, LLC, Cambridge, MA, USA",research university and private innovation consultancy
2104.00409,2021,Daniel Casado-Fauli,"Research Group on Data Science for the Digital Society, La Salle - Universitat Ramon Llull, Barcelona, Spain",research university
2104.00409,2021,Elisabet Golobardes-Ribe,"Research Group on Data Science for the Digital Society, La Salle - Universitat Ramon Llull, Barcelona, Spain",research university
2104.00409,2021,Xavier Vilasis-Cardona,"Research Group on Data Science for the Digital Society, La Salle - Universitat Ramon Llull, Barcelona, Spain",research university
2108.13772,2021,Bryar A. Hassan,"Sulaimani Polytechnic University / Kurdistan Institution for Strategic Studies and Scientific Research, Kurdistan Region – Iraq",polytechnic university
2108.13772,2021,Tarik A. Rashid,"Sulaimani Polytechnic University / Kurdistan Institution for Strategic Studies and Scientific Research, Kurdistan Region – Iraq",polytechnic university
2110.08012,2021,Ali Hur,"School of Science, Computing, and Security, Edith Cowan University, Perth, Australia",research university
2110.08012,2021,Naeem Janjua,"School of Science, Computing, and Security, Edith Cowan University, Perth, Australia; Faculty of Computing and AI, Air University, Islamabad, Pakistan",research university
2110.08012,2021,Mohiuddin Ahmed,"School of Science, Computing, and Security, Edith Cowan University, Perth, Australia",research university
2106.00258,2021,Qianyu Feng,"ReLER Lab, University of Technology Sydney",research university
2106.00258,2021,Bang Zhang,"DAMO Academy, Alibaba Group",industry research lab
2106.00258,2021,Yi Yang,Zhejiang University,research university
2110.09240,2021,Carles Sierra,"Artificial Intelligence Research Institute (IIIA-CSIC), Bellaterra, Catalonia",national research institute
2110.09240,2021,Nardine Osman,"Artificial Intelligence Research Institute (IIIA-CSIC), Bellaterra, Catalonia",national research institute
2110.09240,2021,Pablo Noriega,"Artificial Intelligence Research Institute (IIIA-CSIC), Bellaterra, Catalonia",national research institute
2110.09240,2021,Jordi Sabater-Mir,"Artificial Intelligence Research Institute (IIIA-CSIC), Bellaterra, Catalonia",national research institute
2110.09240,2021,Antoni Perelló,"Artificial Intelligence Research Institute (IIIA-CSIC), Bellaterra, Catalonia",national research institute
2108.05136,2021,Joseph Alexander Brown,"AI in Games Development Lab, Innopolis University, Innopolis, Russia",research university
2108.05136,2021,Luiz Jonata Pires de Araujo,"Innopolis University, Innopolis, Russia",research university
2108.05136,2021,Alexandr Grichshenko,"Innopolis University, Innopolis, Russia",research university
2104.09586,2021,Hamed Jelodar,"School of Computer Science and Technology, Nanjing University of Science and Technology, Nanjing 210094, China",research university
2104.09586,2021,Richard Frank,"School of Criminology, Simon Fraser University, Burnaby, British Columbia, Canada",research university
2102.02311,2021,Sander Beckers,"Munich Center for Mathematical Philosophy, LMU Munich",research university
2108.07669,2021,Jorge Fandinno,"University of Nebraska Omaha, USA; University of Potsdam, Germany",research university
2108.07669,2021,Wolfgang Faber,"Alpen-Adria-Universität Klagenfurt, Austria",research university
2108.07669,2021,Michael Gelfond,"Texas Tech University, USA",research university
2102.00582,2021,Lewis Hammond,University of Oxford,research university
2102.00582,2021,Alessandro Abate,University of Oxford,research university
2102.00582,2021,Julian Gutierrez,Monash University,research university
2102.00582,2021,Michael Wooldridge,University of Oxford,research university
2106.02856,2021,Sharmin Pathan,"University of Georgia, USA",research university
2106.02856,2021,Vyom Shrivastava,"University of Georgia, USA",research university
2105.09413,2021,Emmanuel Arrighi,"University of Bergen, Norway",research university
2105.09413,2021,Henning Fernau,"University of Trier, Germany",research university
2105.09413,2021,Daniel Lokshtanov,"University of California Santa Barbara, CA, USA",research university
2105.09413,2021,Mateus de Oliveira Oliveira,"University of Bergen, Norway",research university
2105.09413,2021,Petra Wolf,"University of Trier, Germany",research university
2104.12620,2021,Sasanka Sekhar Chanda,"Professor, Strategic Management, Indian Institute of Management Indore, C-101 Academic Block, IIM Indore, Prabandh Shikhar, Rau-Pithampur Road, Indore, MP, India 453556",business school
2107.08398,2021,Juan José Nieto,"Universitat Politècnica de Catalunya, Barcelona, Spain",research university
2107.08398,2021,Roger Creus,"Universitat Politècnica de Catalunya, Barcelona, Spain",research university
2107.08398,2021,Xavier Giro-i-Nieto,"Universitat Politècnica de Catalunya, Barcelona, Spain; Barcelona Supercomputing Center, Barcelona, Spain; Institut de Robòtica i Informàtica Industrial, CSIC-UPC, Barcelona, Spain",research university
2106.02617,2021,Parand Alizadeh Alamdari,"Department of Computer Science, University of Toronto, Toronto, Canada; Vector Institute, Toronto, Canada",research university
2106.02617,2021,Toryn Q. Klassen,"Department of Computer Science, University of Toronto, Toronto, Canada; Vector Institute, Toronto, Canada",research university
2106.02617,2021,Rodrigo Toro Icarte,"Department of Computer Science, University of Toronto, Toronto, Canada; Vector Institute, Toronto, Canada",research university
2106.02617,2021,Sheila A. McIlraith,"Department of Computer Science, University of Toronto, Toronto, Canada; Vector Institute, Toronto, Canada; Schwartz Reisman Institute for Technology and Society, Toronto, Canada",research university
2108.00238,2021,Fang Zheng,"School of Software Engineering, Xi'an Jiaotong University",research university
2108.00238,2021,Le Wang,"Institute of Artificial Intelligence and Robotics, Xi'an Jiaotong University",research university
2108.00238,2021,Sanping Zhou,"Institute of Artificial Intelligence and Robotics, Xi'an Jiaotong University",research university
2108.00238,2021,Wei Tang,University of Illinois at Chicago,research university
2108.00238,2021,Zhenxing Niu,"School of Computer Science and Technology, Xidian University",research university
2108.00238,2021,Nanning Zheng,"Institute of Artificial Intelligence and Robotics, Xi'an Jiaotong University",research university
2108.00238,2021,Gang Hua,Wormpex AI Research,industry research lab
2109.12998,2021,A Mani,"Indian Statistical Institute, 203, B. T. Road, Kolkata-700108, India",research institute
2104.12871,2021,Melanie Mitchell,"Santa Fe Institute, Santa Fe, NM, USA",research institute
2105.07308,2021,Alexander Ororbia,"Rochester Institute of Technology, Rochester, NY, USA",research university
2105.07308,2021,M. A. Kelly,"Bucknell University, Lewisburg, PA, USA; Carleton University, Ottawa, ON, Canada",research university
2102.00617,2021,Dan Wan,"Institute for AI Moral Decision-Making, Hunan Normal University, ChangSha, China",research university
2102.00617,2021,Hao Zhan,"Institute for AI Moral Decision-Making, Hunan Normal University, ChangSha, China",research university
2105.02851,2021,Colin Shea-Blymyer,Oregon State University,research university
2105.02851,2021,Houssam Abbas,Oregon State University,research university
2107.00567,2021,Marcus Lewis,Numenta,industry research lab
2107.04771,2021,Jaspreet Singh Dhani,"University of Delhi, New Delhi, India; University of Toronto, Toronto, Canada",research university
2107.04771,2021,Ruchika Bhatt,"University of Delhi, New Delhi, India",research university
2107.04771,2021,Balaji Ganesan,"IBM Research, Bengaluru, India",industry research lab
2107.04771,2021,Parikshet Sirohi,"University of Delhi, New Delhi, India",research university
2107.04771,2021,Vasudha Bhatnagar,"University of Delhi, New Delhi, India",research university
2103.11345,2021,Vincent Thomas,"Université de Lorraine, INRIA, CNRS, LORIA, France",public research university / national research institute joint lab
2103.11345,2021,Gérémy Hutin,"École Normale Supérieure de Lyon, France",grandes écoles research institution
2103.11345,2021,Olivier Buffet,"Université de Lorraine, INRIA, CNRS, LORIA, France",public research university / national research institute joint lab
2105.07776,2021,Julien Girard-Satabin,"Université Paris-Saclay, CEA, List, F-91120, Palaiseau, France",national lab
2105.07776,2021,Aymeric Varasse,"Université Paris-Saclay, CEA, List, F-91120, Palaiseau, France",national lab
2105.07776,2021,Marc Schoenauer,"TAU team, LISN (Université Paris-Saclay and CNRS), INRIA",public research institute
2105.07776,2021,Guillaume Charpiat,"TAU team, LISN (Université Paris-Saclay and CNRS), INRIA",public research institute
2105.07776,2021,Zakaria Chihani,"Université Paris-Saclay, CEA, List, F-91120, Palaiseau, France",national lab
2106.07378,2021,Marco Cinelli,"Institute of Computing Science, Poznan University of Technology, Piotrowo 2, 60-965 Poznań, Poland",research university
2106.07378,2021,Miłosz Kadziński,"Institute of Computing Science, Poznan University of Technology, Piotrowo 2, 60-965 Poznań, Poland",research university
2106.07378,2021,Grzegorz Miebs,"Institute of Computing Science, Poznan University of Technology, Piotrowo 2, 60-965 Poznań, Poland",research university
2106.07378,2021,Michael Gonzalez,"Environmental Decision Analytics Branch, Land Remediation and Technology Division, Center for Environmental Solutions and Emergency Response, Office of Research and Development, U.S. Environmental Protection Agency, Cincinnati, Ohio, USA",government agency research office
2106.07378,2021,Roman Słowiński,"Institute of Computing Science, Poznan University of Technology, Piotrowo 2, 60-965 Poznań, Poland; Systems Research Institute, Polish Academy of Sciences, Newelska 6, 01-447 Warsaw, Poland",research university and national academy research institute
2109.06505,2021,Saksham Consul,"Rationality Enhancement Group, Max Planck Institute for Intelligent Systems, Tübingen, Baden-Württemberg, Germany",national research institute
2109.06505,2021,Jugoslav Stojcheski,"Rationality Enhancement Group, Max Planck Institute for Intelligent Systems, Tübingen, Baden-Württemberg, Germany",national research institute
2109.06505,2021,Valkyrie Felso,"Rationality Enhancement Group, Max Planck Institute for Intelligent Systems, Tübingen, Baden-Württemberg, Germany",national research institute
2109.06505,2021,Falk Lieder,"Rationality Enhancement Group, Max Planck Institute for Intelligent Systems, Tübingen, Baden-Württemberg, Germany",national research institute
2109.01954,2021,Nikzad Khani,Boston University,research university
2109.01954,2021,Matthew Kluska,Boston University,research university
2105.00694,2021,Emir Zunic,"Info Studio d.o.o. Sarajevo, Bosnia and Herzegovina; Faculty of Electrical Engineering, University of Sarajevo, Bosnia and Herzegovina",software company and research university
2105.00694,2021,Kemal Korjenic,"Info Studio d.o.o. Sarajevo, Bosnia and Herzegovina",software company
2105.00694,2021,Sead Delalic,"Faculty of Science, University of Sarajevo, Bosnia and Herzegovina; Info Studio d.o.o. Sarajevo, Bosnia and Herzegovina",research university and software company
2105.00694,2021,Zlatko Subara,"Info Studio d.o.o. Sarajevo, Bosnia and Herzegovina",software company
2110.09624,2021,Eric Horvitz,"Medical Computer Science Group, Knowledge Systems Laboratory, Stanford University, Stanford, California 94305",research university
2110.09624,2021,John Breese,"Rockwell International Science Center, Palo Alto Laboratory, 444 High Street, Palo Alto, CA 94301",industry research lab
2101.04640,2021,Filip Ilievski,"Information Sciences Institute, University of Southern California, Marina del Rey, CA, USA",research university
2101.04640,2021,Alessandro Oltramari,"Intelligent Internet of Things, Bosch Research and Technology Center, Pittsburgh, PA, USA",industry research lab
2101.04640,2021,Kaixin Ma,"Language Technologies Institute, Carnegie Mellon University, Pittsburgh, PA, USA",research university
2101.04640,2021,Bin Zhang,"Information Sciences Institute, University of Southern California, Marina del Rey, CA, USA",research university
2101.04640,2021,Deborah L. McGuinness,"Tetherless World Constellation, Rensselaer Polytechnic Institute, Troy, NY, USA",research university
2101.04640,2021,Pedro Szekely,"Information Sciences Institute, University of Southern California, Marina del Rey, CA, USA",research university
2103.08391,2021,Ivan D. Rodriguez,"Universitat Pompeu Fabra, Barcelona, Spain",research university
2103.08391,2021,Blai Bonet,"Universitat Pompeu Fabra, Barcelona, Spain",research university
2103.08391,2021,Sebastian Sardina,"RMIT University, Melbourne, Australia",research university
2103.08391,2021,Hector Geffner,"Universitat Pompeu Fabra, Barcelona, Spain; Institució Catalana de Recerca i Estudis Avançats (ICREA)",research university and public research institution
2108.06742,2021,Archana Patel,"Department of Software Engineering, School of Computing and Information Technology, Eastern International University, Vietnam",teaching university
2108.06742,2021,Narayan C Debnath,"Department of Software Engineering, School of Computing and Information Technology, Eastern International University, Vietnam",teaching university
2209.04911,2022,M Charity,"Game Innovation Lab, New York University, New York City, New York, United States",research university
2209.04911,2022,Julian Togelius,"Game Innovation Lab, New York University, New York City, New York, United States",research university
2204.14172,2022,Maurice Funk,"Leipzig University, Faculty of Mathematics and Computer Science, Germany",research university
2204.14172,2022,Jean Christoph Jung,"University of Hildesheim, Institute of Computer Science, Germany",research university
2204.14172,2022,Carsten Lutz,"Leipzig University, Faculty of Mathematics and Computer Science, Germany",research university
2208.11173,2022,Richard S. Sutton,"University of Alberta, Alberta Machine Intelligence Institute, DeepMind Alberta",research university / industry research lab
2208.11173,2022,Michael Bowling,"University of Alberta, Alberta Machine Intelligence Institute, DeepMind Alberta",research university / industry research lab
2208.11173,2022,Patrick M. Pilarski,"University of Alberta, Alberta Machine Intelligence Institute, DeepMind Alberta",research university / industry research lab
2202.02776,2022,David Leslie,"The Alan Turing Institute, Public Policy Programme",national research institute
2202.02776,2022,Christopher Burr,"The Alan Turing Institute, Public Policy Programme",national research institute
2202.02776,2022,Mhairi Aitken,"The Alan Turing Institute, Public Policy Programme",national research institute
2202.02776,2022,Michael Katell,"The Alan Turing Institute, Public Policy Programme",national research institute
2202.02776,2022,Morgan Briggs,"The Alan Turing Institute, Public Policy Programme",national research institute
2202.02776,2022,Cami Rincon,"The Alan Turing Institute, Public Policy Programme",national research institute
2206.05497,2022,Ahmed Khalifa,"Institute of Digital Games, University of Malta, Msida, Malta",research university
2206.05497,2022,Michael Cerny Green,"Game Innovation Lab, New York University, Brooklyn, NY, USA",research university
2206.05497,2022,Julian Togelius,"Game Innovation Lab, New York University, Brooklyn, NY, USA",research university
2206.08788,2022,Jinyin Chen,National Natural Science Foundation of China supported research; Zhejiang Province based institution,research university
2206.08788,2022,Chengyu Jia,National Natural Science Foundation of China supported research; Zhejiang Province based institution,research university
2206.08788,2022,Haibin Zheng,National Natural Science Foundation of China supported research; Zhejiang Province based institution,research university
2206.08788,2022,Ruoxi Chen,National Natural Science Foundation of China supported research; Zhejiang Province based institution,research university
2206.08788,2022,Chenbo Fu,National Natural Science Foundation of China supported research; Zhejiang Province based institution,research university
2208.11349,2022,Zijian Gao,"National University of Defense Technology, Changsha, China",military research university
2208.11349,2022,YiYing Li,"Artificial Intelligence Research Center, DII, Beijing, China",government defense research institute
2208.11349,2022,Kele Xu,"National University of Defense Technology, Changsha, China",military research university
2208.11349,2022,Yuanzhao Zhai,"National University of Defense Technology, Changsha, China",military research university
2208.11349,2022,Dawei Feng,"National University of Defense Technology, Changsha, China",military research university
2208.11349,2022,Bo Ding,"National University of Defense Technology, Changsha, China",military research university
2208.11349,2022,XinJun Mao,"National University of Defense Technology, Changsha, China",military research university
2208.11349,2022,Huaimin Wang,"National University of Defense Technology, Changsha, China",military research university
2208.02183,2022,Robert J. Piechocki,"School of Computer Science, Electrical and Electronic Engineering, and Engineering Maths, University of Bristol, Bristol, BS8 1UB, UK",research university
2208.02183,2022,Xiaoyang Wang,"School of Computer Science, Electrical and Electronic Engineering, and Engineering Maths, University of Bristol, Bristol, BS8 1UB, UK",research university
2208.02183,2022,Mohammud J. Bocus,"School of Computer Science, Electrical and Electronic Engineering, and Engineering Maths, University of Bristol, Bristol, BS8 1UB, UK",research university
2205.02328,2022,David Radke,"David R. Cheriton School of Computer Science, University of Waterloo",research university
2205.02328,2022,Kate Larson,"David R. Cheriton School of Computer Science, University of Waterloo",research university
2205.02328,2022,Tim Brecht,"David R. Cheriton School of Computer Science, University of Waterloo",research university
2206.08932,2022,Claire Stevenson,"Psychological Methods Department, University of Amsterdam, Roetersstraat 11, 1018 WB Amsterdam, The Netherlands",research university
2206.08932,2022,Iris Smal,"Psychological Methods Department, University of Amsterdam, Roetersstraat 11, 1018 WB Amsterdam, The Netherlands",research university
2206.08932,2022,Matthijs Baas,"Psychological Methods Department, University of Amsterdam, Roetersstraat 11, 1018 WB Amsterdam, The Netherlands",research university
2206.08932,2022,Raoul Grasman,"Psychological Methods Department, University of Amsterdam, Roetersstraat 11, 1018 WB Amsterdam, The Netherlands",research university
2206.08932,2022,Han van der Maas,"Psychological Methods Department, University of Amsterdam, Roetersstraat 11, 1018 WB Amsterdam, The Netherlands",research university
2206.06279,2022,Shaina Raza,Shaina.raza@utoronto.ca,research university
2201.10453,2022,Laurens Bliek,"Eindhoven University of Technology, Netherlands",research university
2201.10453,2022,Paulo da Costa,"Eindhoven University of Technology, Netherlands",research university
2201.10453,2022,Reza Refaei Afshar,"Eindhoven University of Technology, Netherlands",research university
2201.10453,2022,Yingqian Zhang,"Eindhoven University of Technology, Netherlands",research university
2201.10453,2022,Tom Catshoek,"Delft University of Technology, Netherlands",research university
2201.10453,2022,Daniël Vos,"Delft University of Technology, Netherlands",research university
2201.10453,2022,Sicco Verwer,"Delft University of Technology, Netherlands",research university
2201.10453,2022,Fynn Schmitt-Ulms,"McGill University, Canada",research university
2201.10453,2022,André Hottung,"Bielefeld University, Germany",research university
2201.10453,2022,Tapan Shah,"General Electric, USA",tech company
2201.10453,2022,Meinolf Sellmann,"Shopify, Canada",tech company
2201.10453,2022,Kevin Tierney,"Bielefeld University, Germany",research university
2201.10453,2022,Carl Perreault-Lafleur,"Université de Montréal, Canada",research university
2201.10453,2022,Caroline Leboeuf,"Université de Montréal, Canada",research university
2201.10453,2022,Federico Bobbio,"Université de Montréal, Canada",research university
2201.10453,2022,Justine Pepin,"Université de Montréal, Canada",research university
2201.10453,2022,Warley Almeida Silva,"Université de Montréal, Canada",research university
2201.10453,2022,Ricardo Gama,"Polytechnic Institute of Viseu, Portugal",polytechnic institute
2201.10453,2022,Hugo L. Fernandes,"Rockets of Awesome, New York City, USA",tech company
2201.10453,2022,Martin Zaefferer,"TH Köln, Germany",university of applied sciences
2201.10453,2022,Manuel López-Ibáñez,"University of Málaga, Spain",research university
2201.10453,2022,Ekhine Irurozki,"Telecom Paris, France",engineering school
2203.09952,2022,Kefan Jin,"MoE Key Lab of Artificial Intelligence, AI Institute, Shanghai Jiao Tong University, China",research university
2203.09952,2022,Xingyao Han,"Department of Automation, Shanghai Jiao Tong University, China",research university
2204.12568,2022,Kayla Boggess,University of Virginia,research university
2204.12568,2022,Sarit Kraus,Bar-Ilan University,research university
2204.12568,2022,Lu Feng,University of Virginia,research university
2204.03514,2022,Ram Ramrakhya,Georgia Institute of Technology,research university
2204.03514,2022,Eric Undersander,Meta AI Research,industry research lab
2204.03514,2022,Dhruv Batra,Georgia Institute of Technology; Meta AI Research,research university and industry research lab
2204.03514,2022,Abhishek Das,Meta AI Research,industry research lab
2207.03380,2022,Alexandre Pasquiou,"Parietal, INRIA, CEA, Neurospin, Gif-sur-Yvette, France",national research institute
2207.03380,2022,Yair Lakretz,"Cognitive Neuroimaging Unit, INSERM, CEA, Neurospin, Gif-sur-Yvette, France",national research institute
2207.03380,2022,John Hale,"Dept. of Linguistics, U. of Georgia, Athens, GA, USA",research university
2207.03380,2022,Bertrand Thirion,"Parietal, INRIA, CEA, Neurospin, Gif-sur-Yvette, France",national research institute
2207.03380,2022,Christophe Pallier,"Cognitive Neuroimaging Unit, INSERM, CEA, Neurospin, Gif-sur-Yvette, France",national research institute
2207.01595,2022,Nuno Oliveira,"Research Group on Intelligent Engineering and Computing for Advanced Innovation and Development (GECAD), Porto School of Engineering (ISEP), 4200-072 Porto, Portugal",engineering polytechnic institute
2207.01595,2022,Norberto Sousa,"Research Group on Intelligent Engineering and Computing for Advanced Innovation and Development (GECAD), Porto School of Engineering (ISEP), 4200-072 Porto, Portugal",engineering polytechnic institute
2207.01595,2022,Isabel Praça,"Research Group on Intelligent Engineering and Computing for Advanced Innovation and Development (GECAD), Porto School of Engineering (ISEP), 4200-072 Porto, Portugal",engineering polytechnic institute
2203.11743,2022,Joshua Andle,University of Maine (inferred from co-authorship with Salimeh Yasaei Sekeh),research university
2203.11743,2022,Nicholas Soucy,University of Maine (inferred from co-authorship with Salimeh Yasaei Sekeh),research university
2203.11743,2022,Simon Socolow,University of Maine (inferred from co-authorship with Salimeh Yasaei Sekeh),research university
2203.11743,2022,Salimeh Yasaei Sekeh,University of Maine (inferred from co-authorship context),research university
2205.01265,2022,Adish Singla,MPI-SWS,public research institute
2205.01265,2022,Nikitas Theodoropoulos,MPI-SWS,public research institute
2205.07502,2022,Lei Zhang,"Command and Control Engineering College, Army Engineering University of PLA, Nanjing 210007, China",military university
2205.07502,2022,Yu Pan,"Command and Control Engineering College, Army Engineering University of PLA, Nanjing 210007, China; 31436 troop of PLA, Shenyang 110005, China",military university / military unit
2205.07502,2022,Yi Liu,"Academy of Military Science, Haidian, Beijing, 100091, China",military research academy
2205.07502,2022,Qibin Zheng,"Academy of Military Science, Haidian, Beijing, 100091, China",military research academy
2205.07502,2022,Zhisong Pan,"Command and Control Engineering College, Army Engineering University of PLA, Nanjing 210007, China",military university
2201.07032,2022,Marcus Weber,"Zuse Institute Berlin (ZIB), Takustraße 7, 14195 Berlin, Germany",government-affiliated research institute
2201.07032,2022,Konstantin Fackeldey,"TU Berlin, Mathematics, Str. des 17. Juni 136, 10623 Berlin, Germany; also affiliated with Zuse Institute Berlin (ZIB)",research university
2202.09722,2022,Zixuan Cao,"Peking University, Beijing, China",research university
2202.09722,2022,Mengzhi Shi,"Peking University, Beijing, China",research university
2202.09722,2022,Zhanbo Zhao,"Peking University, Beijing, China",research university
2202.09722,2022,Xiujun Ma,"Peking University, Beijing, China",research university
2202.01030,2022,Tom Krüger,"Institute of Theoretical Computer Science, Universität Ulm, 89069 Ulm, Germany",research university
2202.01030,2022,Jan-Hendrik Lorenz,"Institute of Theoretical Computer Science, Universität Ulm, 89069 Ulm, Germany",research university
2202.01030,2022,Florian Wörz,"Institute of Theoretical Computer Science, Universität Ulm, 89069 Ulm, Germany",research university
2202.01256,2022,Jianye Hao,Huawei Noah's Ark Lab,industry research lab
2202.01256,2022,Jiawen Lu,Huawei Noah's Ark Lab,industry research lab
2202.01256,2022,Xijun Li,Huawei Noah's Ark Lab,industry research lab
2202.01256,2022,Xialiang Tong,Huawei Noah's Ark Lab,industry research lab
2202.01256,2022,Xiang Xiang,Huawei Noah's Ark Lab,industry research lab
2202.01256,2022,Mingxuan Yuan,Huawei Noah's Ark Lab,industry research lab
2202.01256,2022,Hankz Hankui Zhuo,Sun Yat-sen University,research university
2205.07635,2022,Anatol Slissenko,"Laboratory for Algorithmics, Complexity and Logic (LACL), University Paris East Créteil (UPEC), 61 av. du Général de Gaulle, 94010, Créteil, France",research university
2207.10991,2022,Maria De-Arteaga,"The McCombs School of Business, The University of Texas at Austin, 2110 Speedway, Austin, Texas 78705, USA",research university
2207.10991,2022,Stefan Feuerriegel,"LMU Munich, Geschwister-Scholl-Platz 1, 80539 Munich, Germany",research university
2207.10991,2022,Maytal Saar-Tsechansky,"The McCombs School of Business, The University of Texas at Austin, 2110 Speedway, Austin, Texas 78705, USA",research university
2201.10334,2022,Michael Beukman,University of the Witwatersrand (inferred from co-authors' shared institution),research university
2201.10334,2022,Steven James,University of the Witwatersrand (inferred from co-authors' shared institution),research university
2201.10334,2022,Christopher Cleghorn,University of the Witwatersrand (inferred from co-authors' shared institution),research university
2206.05675,2022,Zhen Guo,"Department of Computer Science, Virginia Tech, USA",research university
2206.05675,2022,Zelin Wan,"Department of Computer Science, Virginia Tech, USA",research university
2206.05675,2022,Qisheng Zhang,"Department of Computer Science, Virginia Tech, USA",research university
2206.05675,2022,Xujiang Zhao,"Department of Computer Science, University of Texas at Dallas, USA",research university
2206.05675,2022,Feng Chen,"Department of Computer Science, University of Texas at Dallas, USA",research university
2206.05675,2022,Jin-Hee Cho,"Department of Computer Science, Virginia Tech, USA",research university
2206.05675,2022,Qi Zhang,"Department of Computer Science, Virginia Tech, USA",research university
2206.05675,2022,Lance M. Kaplan,"US Army Research Laboratory, Adelphi, MD, USA",government lab
2206.05675,2022,Dong H. Jeong,"Department of Computer Science of Information Technology, University of the District of Columbia, USA",research university
2206.05675,2022,Audun Jøsang,"Department of Informatics, University of Oslo, Norway",research university
2208.05627,2022,Anj Simmons,"Applied Artificial Intelligence Institute, Deakin University, Geelong, Australia",research university
2208.05627,2022,Rajesh Vasa,"Applied Artificial Intelligence Institute, Deakin University, Geelong, Australia",research university
2208.05627,2022,Antonio Giardina,"Applied Artificial Intelligence Institute, Deakin University, Geelong, Australia",research university
2206.07167,2022,Thiloshon Nagarajah,"Information Sciences Institute, University of Southern California",research university
2206.07167,2022,Filip Ilievski,"Information Sciences Institute, University of Southern California",research university
2206.07167,2022,Jay Pujara,"Information Sciences Institute, University of Southern California",research university
2208.08035,2022,Bingbing Wen,University of Washington,research university
2208.08035,2022,Xiaoning Bu,University of Washington,research university
2208.08035,2022,Chirag Shah,University of Washington,research university
2209.07667,2022,Avijit Ghosh,Northeastern University,research university
2209.07667,2022,Genoveva Fossas,Northeastern University,research university
2202.04890,2022,Julie Imbert,"Preligens (ex-Earthcube), Paris, France",AI/tech company
2202.04890,2022,Gohar Dashyan,"Preligens (ex-Earthcube), Paris, France",AI/tech company
2202.04890,2022,Alex Goupilleau,"Preligens (ex-Earthcube), Paris, France",AI/tech company
2202.04890,2022,Tugdual Ceillier,"Preligens (ex-Earthcube), Paris, France",AI/tech company
2202.04890,2022,Marie-Caroline Corbineau,"Preligens (ex-Earthcube), Paris, France",AI/tech company
2205.03447,2022,Yuan He,"Department of Computer Science, University of Oxford, UK",research university
2205.03447,2022,Jiaoyan Chen,"Department of Computer Science, University of Oxford, UK",research university
2205.03447,2022,Hang Dong,"Department of Computer Science, University of Oxford, UK",research university
2205.03447,2022,Ernesto Jiménez-Ruiz,"City, University of London, UK; University of Oslo, Norway",research university
2205.03447,2022,Ali Hadian,"Samsung Research, UK",industry research lab
2205.03447,2022,Ian Horrocks,"Department of Computer Science, University of Oxford, UK",research university
2201.03709,2022,Andrew Butcher,"DeepMind Technologies, Ltd. Edmonton, Alberta, Canada",industry research lab
2201.03709,2022,Michael Bradley Johanson,"DeepMind Technologies, Ltd. Edmonton, Alberta, Canada",industry research lab
2201.03709,2022,Elnaz Davoodi,"DeepMind Technologies, Ltd. Edmonton, Alberta, Canada",industry research lab
2201.03709,2022,Dylan J. A. Brenneis,"DeepMind Technologies, Ltd. Edmonton, Alberta, Canada",industry research lab
2201.03709,2022,Leslie Acker,"DeepMind Technologies, Ltd. Edmonton, Alberta, Canada",industry research lab
2201.03709,2022,Adam S. R. Parker,"University of Alberta Edmonton, Alberta, Canada",research university
2201.03709,2022,Adam White,"DeepMind Technologies, Ltd. & University of Alberta & Alberta Machine Intelligence Institute Edmonton, Alberta, Canada",industry research lab and research university and nonprofit institute
2201.03709,2022,Joseph Modayil,"DeepMind Technologies, Ltd. Edmonton, Alberta, Canada",industry research lab
2201.03709,2022,Patrick M. Pilarski,"DeepMind Technologies, Ltd. & University of Alberta & Alberta Machine Intelligence Institute Edmonton, Alberta, Canada",industry research lab and research university and nonprofit institute
2204.04242,2022,Arnold Hien,"CNRS-UMR GREYC, Normandie Univ., UNICAEN, Caen, 14032, France",public research university with CNRS lab
2204.04242,2022,Samir Loudni,"TASC (LS2N-CNRS), IMT Atlantique, 4 rue Alfred Kastler, Nantes, 44300, France",engineering school with CNRS lab
2204.04242,2022,Noureddine Aribi,"LITIO, University of Oran1, Oran, 31000, Algeria",public research university
2204.04242,2022,Abdelkader Ouali,"CNRS-UMR GREYC, Normandie Univ., UNICAEN, Caen, 14032, France",public research university with CNRS lab
2204.04242,2022,Albrecht Zimmermann,"CNRS-UMR GREYC, Normandie Univ., UNICAEN, Caen, 14032, France",public research university with CNRS lab
2209.01535,2022,Kazi Ashik Islam,"Biocomplexity Institute, University of Virginia",research university
2209.01535,2022,Da Qi Chen,"Biocomplexity Institute, University of Virginia",research university
2209.01535,2022,Madhav Marathe,"Biocomplexity Institute, University of Virginia",research university
2209.01535,2022,Henning Mortveit,"Biocomplexity Institute, University of Virginia",research university
2209.01535,2022,Samarth Swarup,"Biocomplexity Institute, University of Virginia",research university
2209.01535,2022,Anil Vullikanti,"Biocomplexity Institute, University of Virginia",research university
2206.02216,2022,Erik Skalnes,eas2301@columbia.edu,research university
2208.03423,2022,Manuel Paredes,"LGMT, INSA, 135 avenue de Rangueil 31077 Toulouse Cedex 4",engineering school / grande école
2208.03423,2022,Marc Sartor,"LGMT, INSA, 135 avenue de Rangueil 31077 Toulouse Cedex 4",engineering school / grande école
2208.03423,2022,Cédric Masclet,"LGMT, INSA, 135 avenue de Rangueil 31077 Toulouse Cedex 4",engineering school / grande école
2205.03151,2022,Wolfgang Dvořák,"TU Wien, Institute of Logic and Computation",research university
2205.03151,2022,Matthias König,"TU Wien, Institute of Logic and Computation",research university
2205.03151,2022,Markus Ulbricht,"Leipzig University, Department of Computer Science",research university
2205.03151,2022,Stefan Woltran,"TU Wien, Institute of Logic and Computation",research university
2206.07988,2022,Prashant Kodali,International Institute of Information Technology Hyderabad,research university
2206.07988,2022,Tanmay Sachan,International Institute of Information Technology Hyderabad,research university
2206.07988,2022,Akshay Goindani,International Institute of Information Technology Hyderabad,research university
2206.07988,2022,Anmol Goel,International Institute of Information Technology Hyderabad,research university
2206.07988,2022,Naman Ahuja,International Institute of Information Technology Hyderabad,research university
2206.07988,2022,Manish Shrivastava,International Institute of Information Technology Hyderabad,research university
2206.07988,2022,Ponnurangam Kumaraguru,International Institute of Information Technology Hyderabad,research university
2206.11996,2022,Rex Chen,"Institute of Software Research, School of Computer Science, Carnegie Mellon University",research university
2206.11996,2022,Fei Fang,"Institute of Software Research, School of Computer Science, Carnegie Mellon University",research university
2206.11996,2022,Norman Sadeh,"Institute of Software Research, School of Computer Science, Carnegie Mellon University",research university
2203.16275,2022,Emery Neufeld,"Faculty of Informatics, TU Wien, Austria",research university
2207.14760,2022,Hang Chu,Autodesk AI Lab,industry research lab
2207.14760,2022,Amir Hosein Khasahmadi,Autodesk AI Lab,industry research lab
2207.14760,2022,Karl D. D. Willis,Autodesk AI Lab,industry research lab
2207.14760,2022,Fraser Anderson,Autodesk Research,industry research lab
2207.14760,2022,Yaoli Mao,Autodesk Research,industry research lab
2207.14760,2022,Linh Tran,Autodesk AI Lab,industry research lab
2207.14760,2022,Justin Matejka,Autodesk Research,industry research lab
2207.14760,2022,Jo Vermeulen,Autodesk Research,industry research lab
2206.00474,2022,Yuri Nakao,"Artificial Intelligence Laboratory, Fujitsu Laboratories Ltd., Kawasaki-city, Japan",corporate research lab
2206.00474,2022,Lorenzo Strappelli,"Centre for HCI Design, City, University of London, London, UK",research university
2206.00474,2022,Simone Stumpf,"Centre for HCI Design, City, University of London, London, UK",research university
2206.00474,2022,Aisha Naseer,"Fujitsu Laboratories of Europe, Hayes, UK",corporate research lab
2206.00474,2022,Daniele Regoli,"Intesa Sanpaolo S.p.A., Turin, Italy",financial institution
2206.00474,2022,Giulia Del Gamba,"Intesa Sanpaolo S.p.A., Turin, Italy",financial institution
2205.13504,2022,Ailing Zeng,The Chinese University of Hong Kong,research university
2205.13504,2022,Muxi Chen,The Chinese University of Hong Kong,research university
2205.13504,2022,Lei Zhang,International Digital Economy Academy (IDEA),industry research lab
2205.13504,2022,Qiang Xu,The Chinese University of Hong Kong,research university
2201.11876,2022,Grégoire Sergeant-Perthuis,"Univ. Artois, UR 2462, Laboratoire de Mathématiques de Lens (LML), F-62300 Lens, France",research university
2209.03990,2022,Zlatan Ajanović,"Delft University of Technology, Delft, The Netherlands",research university
2209.03990,2022,Emina Aličković,"Linköping University, Linköping, Sweden",research university
2209.03990,2022,Aida Branković,"CSIRO, Health Intelligence & The University of Queensland, Queensland, Australia",national research agency and research university
2209.03990,2022,Sead Delalić,"University of Sarajevo & Infobip, Sarajevo, Bosnia and Herzegovina",research university and tech company
2209.03990,2022,Eldar Kurtić,"IST Austria, Vienna, Austria",research institute
2209.03990,2022,Salem Malikić,"National Institutes of Health, Bethesda, MD, USA",government research institute
2209.03990,2022,Adnan Mehonić,"University College London, London, UK",research university
2209.03990,2022,Hamza Merzić,"Google DeepMind, London, UK",industry research lab
2209.03990,2022,Kenan Šehić,"Lund University, Lund, Sweden",research university
2209.03990,2022,Bahrudin Trbalić,"Stanford University, Stanford, CA, USA",research university
2206.03491,2022,Adrien Raison,"University of Poitiers, Poitiers, France",research university
2206.03491,2022,Pascal Bourdon,"University of Poitiers, Poitiers, France",research university
2206.03491,2022,David Helbert,"University of Poitiers, Poitiers, France",research university
2206.06202,2022,Quinten Van Baelen,"KU Leuven, Dept. of Computer Science, ADVISE-DTAI, Kleinhoefstraat 4, B-2440 Geel, Belgium; Leuven.AI - KU Leuven institute for AI; Flanders Make - DTAI-FET",research university
2206.06202,2022,Peter Karsmakers,"KU Leuven, Dept. of Computer Science, ADVISE-DTAI, Kleinhoefstraat 4, B-2440 Geel, Belgium; Leuven.AI - KU Leuven institute for AI; Flanders Make - DTAI-FET",research university
2306.07353,2023,Damien Pellier,"University of Grenoble Alpes, LIG, Grenoble, France",research university
2306.07353,2023,Alexandre Albore,"ONERA/DTIS, University of Toulouse, France",national aerospace research lab
2306.07353,2023,Humbert Fiorino,"University of Grenoble Alpes, LIG, Grenoble, France",research university
2306.07353,2023,Rafael Bailon-Ruiz,"ONERA/DTIS, University of Toulouse, France",national aerospace research lab
2306.05801,2023,Andrea Apicella,"Dipartimento di Ingegneria Elettrica e delle Tecnologie dell'Informazione, Università degli Studi di Napoli Federico II, Naples, Italy; Laboratory of Augmented Reality for Health Monitoring (ARHeMLab); Laboratory of Artificial Intelligence, Privacy & Applications (AIPA Lab)",research university
2306.05801,2023,Luca Di Lorenzo,"Dipartimento di Ingegneria Elettrica e delle Tecnologie dell'Informazione, Università degli Studi di Napoli Federico II, Naples, Italy",research university
2306.05801,2023,Francesco Isgrò,"Dipartimento di Ingegneria Elettrica e delle Tecnologie dell'Informazione, Università degli Studi di Napoli Federico II, Naples, Italy; Laboratory of Augmented Reality for Health Monitoring (ARHeMLab); Laboratory of Artificial Intelligence, Privacy & Applications (AIPA Lab)",research university
2306.05801,2023,Andrea Pollastro,"Dipartimento di Ingegneria Elettrica e delle Tecnologie dell'Informazione, Università degli Studi di Napoli Federico II, Naples, Italy; Laboratory of Augmented Reality for Health Monitoring (ARHeMLab); Laboratory of Artificial Intelligence, Privacy & Applications (AIPA Lab)",research university
2306.05801,2023,Roberto Prevete,"Dipartimento di Ingegneria Elettrica e delle Tecnologie dell'Informazione, Università degli Studi di Napoli Federico II, Naples, Italy; Laboratory of Augmented Reality for Health Monitoring (ARHeMLab); Laboratory of Artificial Intelligence, Privacy & Applications (AIPA Lab)",research university
2303.07957,2023,Kazem Taghandiki,"Department of Computer Engineering, Technical and Vocational University (TVU), Tehran, Iran",technical university
2303.07957,2023,Mohammad Hassan Ahmadi,"Department of Electrical Engineering, Technical and Vocational University (TVU), Tehran, Iran",technical university
2303.07957,2023,Elnaz Rezaei Ehsan,"Master's degree, industrial engineering, system management and productivity, Iran University of Science and Technology",research university
2302.01241,2023,Brian Y. Lim,"Department of Computer Science, National University of Singapore, Singapore, Singapore",research university
2302.01241,2023,Joseph P. Cahaly,"Massachusetts Institute of Technology, Cambridge, Massachusetts, USA",research university
2302.01241,2023,Chester Y. F. Sng,"National University of Singapore, Singapore, Singapore",research university
2302.01241,2023,Adam Chew,"National University of Singapore, Singapore, Singapore",research university
2303.01300,2023,Andrew Fuchs,"Universitá di Pisa, Department of Computer Science; Institute for Informatics and Telematics (IIT), National Research Council (CNR)",research university / national research council
2303.01300,2023,Andrea Passarella,"Institute for Informatics and Telematics (IIT), National Research Council (CNR)",national research council lab
2303.01300,2023,Marco Conti,"Institute for Informatics and Telematics (IIT), National Research Council (CNR)",national research council lab
2306.17408,2023,Zijian Cai,"Xi'an Jiaotong University, Xi'an, Shaanxi, China",research university
2306.17408,2023,Zhaoxuan Tan,"University of Notre Dame, Notre Dame, IN, USA",research university
2306.17408,2023,Zhenyu Lei,"University of Virginia, Charlottesville, VA, USA",research university
2306.17408,2023,Zifeng Zhu,"Xi'an Jiaotong University, Xi'an, Shaanxi, China",research university
2306.17408,2023,Hongrui Wang,"Xi'an Jiaotong University, Xi'an, Shaanxi, China",research university
2306.17408,2023,Qinghua Zheng,"Xi'an Jiaotong University, Xi'an, Shaanxi, China",research university
2306.17408,2023,Minnan Luo,"Xi'an Jiaotong University, Xi'an, Shaanxi, China",research university
2302.11761,2023,Gongpu Chen,"Department of Electrical and Electronic Engineering, Imperial College London, SW7 2AZ, London, UK",research university
2302.11761,2023,Soung-Chang Liew,"Department of Information Engineering, The Chinese University of Hong Kong, Shatin, Hong Kong SAR, China",research university
2302.00561,2023,Amy Smith,"School of Electronic Engineering and Computer Science, Queen Mary University London",research university
2302.00561,2023,Hope Schroeder,MIT Media Lab,research university
2302.00561,2023,Ziv Epstein,MIT Media Lab,research university
2302.00561,2023,Michael Cook,"Department of Informatics, King's College London",research university
2302.00561,2023,Simon Colton,"School of Electronic Engineering and Computer Science, Queen Mary University London; SensiLab, Faculty of Information Technology, Monash University",research university
2302.00561,2023,Andrew Lippman,MIT Media Lab,research university
2303.05038,2023,Benedict Quartey,"Department of Computer Science, Brown University",research university
2303.05038,2023,Ankit Shah,"Department of Computer Science, Brown University",research university
2303.05038,2023,George Konidaris,"Department of Computer Science, Brown University",research university
2301.06926,2023,Dung Nguyen,"Applied Artificial Intelligence Institute (A2I2), Deakin University, Geelong, Australia",research university
2301.06926,2023,Phuoc Nguyen,"Applied Artificial Intelligence Institute (A2I2), Deakin University, Geelong, Australia",research university
2301.06926,2023,Hung Le,"Applied Artificial Intelligence Institute (A2I2), Deakin University, Geelong, Australia",research university
2301.06926,2023,Kien Do,"Applied Artificial Intelligence Institute (A2I2), Deakin University, Geelong, Australia",research university
2301.06926,2023,Svetha Venkatesh,"Applied Artificial Intelligence Institute (A2I2), Deakin University, Geelong, Australia",research university
2301.06926,2023,Truyen Tran,"Applied Artificial Intelligence Institute (A2I2), Deakin University, Geelong, Australia",research university
2304.11794,2023,Jun Wu,"Georgia Institute of Technology, Atlanta, United States",research university
2304.11794,2023,Xuesong Ye,"Trine University, Phoenix, United States",teaching university
2304.11794,2023,Chengjie Mou,"Trine University, Phoenix, United States",teaching university
2304.11794,2023,Weinan Dai,"Trine University, Phoenix, United States",teaching university
2302.10146,2023,Abeer Abdullah Alaql,"Department of Computer Science, Faculty of Computing and Information Technology, King Abdulaziz University, Jeddah 21589, Saudi Arabia",research university
2302.10146,2023,Fahad Alqurashi,"Department of Computer Science, Faculty of Computing and Information Technology, King Abdulaziz University, Jeddah 21589, Saudi Arabia",research university
2302.10146,2023,Rashid Mehmood,"High Performance Computing Center, King Abdulaziz University, Jeddah 21589, Saudi Arabia",research university
2303.13168,2023,Didier Dubois,"IRIT-CNRS, Université Paul Sabatier, Toulouse, France",public research university with national lab
2303.13168,2023,Lluis Godo,"IIIA-CSIC, Bellaterra, Spain",national research council institute
2303.13168,2023,Henri Prade,"IRIT-CNRS, Université Paul Sabatier, Toulouse, France",public research university with national lab
2306.04274,2023,Richard Blythman,"Algovera, Ireland",AI startup
2306.04274,2023,Mohamed Arshath,"Algovera, Malaysia",AI startup
2306.04274,2023,Salvatore Vivona,"Algovera, Canada",AI startup
2306.04274,2023,Jakub Smékal,"Algovera, United Kingdom",AI startup
2306.04274,2023,Hithesh Shaji,"Algovera, Ireland",AI startup
2306.11755,2023,Yaroslav Kivva,"School of Computer and Communication Sciences, EPFL, Lausanne, Switzerland",research university
2306.11755,2023,Jalal Etesami,"School of Computer and Communication Sciences, EPFL, Lausanne, Switzerland; TUM School of Computation, Information and Technology, Technical University of Munich",research university
2306.11755,2023,Negar Kiyavash,"School of Computer and Communication Sciences, EPFL, Lausanne, Switzerland; College of Management of Technology, EPFL, Lausanne, Switzerland",research university
2304.08861,2023,Lukas-Valentin Herm,"University of Würzburg, Würzburg, Germany",research university
2306.04025,2023,Mahault Albarracin,"VERSES Research Lab, Los Angeles, CA 90016, USA; Département d'informatique, Université du Québec à Montréal, Montréal, Canada",industry research lab / research university
2306.04025,2023,Inês Hipólito,"VERSES Research Lab, Los Angeles, CA 90016, USA; Berlin School of Mind & Brain, Humboldt-Universität zu Berlin, Berlin, Germany; Department of Philosophy, Macquarie University, Sydney, New South Wales, Australia",industry research lab / research university
2306.04025,2023,Safae Essafi Tremblay,"VERSES Research Lab, Los Angeles, CA 90016, USA; Département de philosophie, Université du Québec à Montréal, Montréal, Canada",industry research lab / research university
2306.04025,2023,Jason G. Fox,"VERSES Research Lab, Los Angeles, CA 90016, USA",industry research lab
2306.04025,2023,Gabriel René,"VERSES Research Lab, Los Angeles, CA 90016, USA",industry research lab
2306.04025,2023,Karl Friston,"VERSES Research Lab, Los Angeles, CA 90016, USA; Wellcome Centre for Human Neuroimaging, University College London, London, UK",industry research lab / research university
2306.04025,2023,Maxwell J. D. Ramstead,"VERSES Research Lab, Los Angeles, CA 90016, USA; Wellcome Centre for Human Neuroimaging, University College London, London, UK",industry research lab / research university
2305.12738,2023,Chi Han,University of Illinois Urbana-Champaign,research university
2305.12738,2023,Qizheng He,University of Illinois Urbana-Champaign,research university
2305.12738,2023,Charles Yu,University of Illinois Urbana-Champaign,research university
2305.12738,2023,Xinya Du,The University of Texas at Dallas,research university
2305.12738,2023,Hanghang Tong,University of Illinois Urbana-Champaign,research university
2305.12738,2023,Heng Ji,University of Illinois Urbana-Champaign,research university
2303.04217,2023,Philipp Berens,"Universität Tübingen, DE",research university
2303.04217,2023,Kyle Cranmer,"University of Wisconsin - Madison, USA",research university
2303.04217,2023,Neil D. Lawrence,"University of Cambridge, UK",research university
2303.04217,2023,Ulrike von Luxburg,"Universität Tübingen, DE",research university
2303.04217,2023,Jessica Montgomery,"University of Cambridge, UK",research university
2305.06951,2023,Viet-Man Le,"Graz University of Technology, Graz, Austria",research university
2305.06951,2023,Cristian Vidal Silva,"Universidad de Talca, Talca, Chile",research university
2305.06951,2023,Alexander Felfernig,"Graz University of Technology, Graz, Austria",research university
2305.06951,2023,David Benavides,"University of Sevilla, Seville, Spain",research university
2305.06951,2023,José Galindo,"University of Sevilla, Seville, Spain",research university
2305.06951,2023,Thi Ngoc Trang Tran,"Graz University of Technology, Graz, Austria",research university
2305.16708,2023,Yi Loo,Singapore University of Technology and Design (SUTD),research university
2305.16708,2023,Chen Gong,Singapore University of Technology and Design (SUTD),research university
2305.16708,2023,Malika Meghjani,Singapore University of Technology and Design (SUTD),research university
2306.00480,2023,Jonathan Feldstein,"University of Edinburgh, Edinburgh, United Kingdom; BENNU.AI, Edinburgh, United Kingdom",research university / AI startup
2306.00480,2023,Modestas Jurčius,"University of Edinburgh, Edinburgh, United Kingdom; Mintis AI, Kaunas, Lithuania",research university / AI startup
2306.00480,2023,Efthymia Tsamoura,"Samsung AI, Cambridge, United Kingdom",industry research lab
2301.10034,2023,Shaofei Cai,"Institute for Artificial Intelligence, Peking University; School of Intelligence Science and Technology, Peking University",research university
2301.10034,2023,Zihao Wang,"Institute for Artificial Intelligence, Peking University; School of Intelligence Science and Technology, Peking University",research university
2301.10034,2023,Xiaojian Ma,"Computer Science Department, University of California, Los Angeles",research university
2301.10034,2023,Anji Liu,"Computer Science Department, University of California, Los Angeles",research university
2301.10034,2023,Yitao Liang,"Institute for Artificial Intelligence, Peking University; Beijing Institute for General Artificial Intelligence (BIGAI)",research university and nonprofit research institute
2302.09425,2023,James Ainooson,"Department of Computer Science, Vanderbilt University",research university
2302.09425,2023,Deepayan Sanyal,"Department of Computer Science, Vanderbilt University",research university
2302.09425,2023,Joel P. Michelson,"Department of Computer Science, Vanderbilt University",research university
2302.09425,2023,Yuan Yang,"Department of Computer Science, Vanderbilt University",research university
2302.09425,2023,Maithilee Kunda,"Department of Computer Science, Vanderbilt University",research university
2304.01503,2023,Jonathan D. Freedman,"Division of Plastic Surgery, Department of Surgery, University of Colorado",research university medical center
2304.01503,2023,Ian A. Nappier,"Division of Plastic Surgery, Department of Surgery, University of Colorado",research university medical center
2302.14442,2023,Shreevignesh Suriyanarayanan,"Machine Learning Lab, IIIT Hyderabad",research university
2302.14442,2023,Praveen Paruchuri,"Machine Learning Lab, IIIT Hyderabad",research university
2302.14442,2023,Girish Varma,"Machine Learning Lab, IIIT Hyderabad",research university
2301.13576,2023,Pierre-Etienne Martin,"CCP Department, Max Planck Institute for Evolutionary Anthropology, D-04103 Leipzig, Germany",national research institute
2301.13576,2023,Jordan Calandre,"MIA, La Rochelle University, La Rochelle, France",research university
2301.13576,2023,Boris Mansencal,"Univ. Bordeaux, CNRS, Bordeaux INP, LaBRI, Talence, France",research university
2301.13576,2023,Jenny Benois-Pineau,"Univ. Bordeaux, CNRS, Bordeaux INP, LaBRI, Talence, France",research university
2301.13576,2023,Renaud Péteri,"MIA, La Rochelle University, La Rochelle, France",research university
2301.13576,2023,Laurent Mascarilla,"MIA, La Rochelle University, La Rochelle, France",research university
2301.13576,2023,Julien Morlier,"IMS, University of Bordeaux, Talence, France",research university
2305.18071,2023,Robert Loftin,"Delft University of Technology, Delft, The Netherlands",research university
2305.18071,2023,Mustafa Mert Çelikok,"Aalto University, Espoo, Finland",research university
2305.18071,2023,Frans A. Oliehoek,"Delft University of Technology, Delft, The Netherlands",research university
2306.02488,2023,Xiaoting Li,"Pennsylvania State University, University Park, PA, 16802, USA",research university
2306.02488,2023,Lingwei Chen,"Wright State University, Dayton, OH, 45435, USA",research university
2306.02488,2023,Dinghao Wu,"Pennsylvania State University, University Park, PA, 16802, USA",research university
2303.02655,2023,Manuel de Sousa Ribeiro,"NOVA LINCS, NOVA University Lisbon, Portugal",research university
2303.02655,2023,João Leite,"NOVA LINCS, NOVA University Lisbon, Portugal",research university
2305.18269,2023,Yiran Mao,Google DeepMind,industry research lab
2305.18269,2023,Madeline G. Reinecke,"Google DeepMind, Yale University",industry research lab and research university
2305.18269,2023,Markus Kunesch,Google DeepMind,industry research lab
2305.18269,2023,Edgar A. Duéñez-Guzmán,Google DeepMind,industry research lab
2305.18269,2023,Ramona Comanescu,Google DeepMind,industry research lab
2305.18269,2023,Julia Haas,Google DeepMind,industry research lab
2305.18269,2023,Joel Z. Leibo,Google DeepMind,industry research lab
2305.05403,2023,Simon Razniewski,"Bosch Center for AI, Germany",industry research lab
2305.05403,2023,Hiba Arnaout,"Max Planck Institute for Informatics, Germany",national research institute
2305.05403,2023,Shrestha Ghosh,"Max Planck Institute for Informatics, Germany",national research institute
2305.05403,2023,Fabian Suchanek,"Telecom Paris, Institut Polytechnique de Paris, France",research university
2301.05154,2023,Jack Urbanek,Meta AI,industry research lab
2301.05154,2023,Pratik Ringshia,Meta AI,industry research lab
2306.15711,2023,Benjamin Devillers,Not explicitly stated in the provided text,unknown
2306.15711,2023,Léopold Maytié,Not explicitly stated in the provided text,unknown
2306.15711,2023,Rufin VanRullen,Not explicitly stated in the provided text,unknown
2306.14694,2023,Stylianos Loukas Vasileiou,Washington University in St. Louis,research university
2306.14694,2023,Ashwin Kumar,Washington University in St. Louis,research university
2306.14694,2023,William Yeoh,Washington University in St. Louis,research university
2306.14694,2023,Tran Cao Son,New Mexico State University,research university
2306.14694,2023,Francesca Toni,Imperial College London,research university
2305.08664,2023,Zhaori Guo,"University of Southampton, United Kingdom",research university
2305.08664,2023,Timothy J. Norman,"University of Southampton, United Kingdom",research university
2305.08664,2023,Enrico H. Gerding,"University of Southampton, United Kingdom",research university
2303.15113,2023,Fajar J. Ekaputra,WU (Vienna University of Economics and Business); TU Wien,research university
2303.15113,2023,Majlinda Llugiqi,WU (Vienna University of Economics and Business),research university
2303.15113,2023,Marta Sabou,WU (Vienna University of Economics and Business),research university
2303.15113,2023,Andreas Ekelhart,University of Vienna; SBA Research,research university
2303.15113,2023,Heiko Paulheim,University of Mannheim,research university
2303.15113,2023,Anna Breit,Semantic Web Company,tech company
2303.15113,2023,Artem Revenko,Semantic Web Company,tech company
2303.15113,2023,Laura Waltersdorfer,TU Wien,research university
2303.15113,2023,Kheir Eddine Farfar,TIB Leibniz Information Centre for Science and Society,national information centre
2303.15113,2023,Sören Auer,"TIB Leibniz Information Centre for Science and Society; L3S Research Center, Leibniz University of Hannover",national information centre
2303.13494,2023,Gaia Belardinelli,"University of Copenhagen, Copenhagen, Denmark",research university
2303.13494,2023,Thomas Bolander,"Technical University of Denmark, Kgs. Lyngby, Denmark",research university
2306.03236,2023,Mikael Henaff,Meta AI Research,industry research lab
2306.03236,2023,Minqi Jiang,"Meta AI Research; University College, London",industry research lab and research university
2306.03236,2023,Roberta Raileanu,Meta AI Research,industry research lab
2306.04031,2023,Gabriel Poesia,Stanford University,research university
2306.04031,2023,Kanishk Gandhi,Stanford University,research university
2306.04031,2023,Eric Zelikman,Stanford University,research university
2306.04031,2023,Noah D. Goodman,Stanford University,research university
2306.03980,2023,Juan Sebastian Canas,Universidad Nacional de Colombia,research university
2306.03980,2023,Francisco Gomez,Universidad Nacional de Colombia,research university
2306.03980,2023,Omar Costilla-Reyes,CSAIL MIT,research university
2302.03180,2023,Maryam Hashemi,"School of Computer Science and Engineering, University of New South Wales, Kensington, Sydney, 2033, NSW, Australia",research university
2302.03180,2023,Ali Darejeh,"School of Computer Science and Engineering, University of New South Wales, Kensington, Sydney, 2033, NSW, Australia",research university
2302.03180,2023,Francisco Cruz,"School of Computer Science and Engineering, University of New South Wales, Kensington, Sydney, 2033, NSW, Australia; Escuela de Ingeniería, Universidad Central de Chile, Santiago, Chile",research university
2302.11070,2023,Zheng Xiong,"Department of Computer Science, University of Oxford, Oxford, United Kingdom",research university
2302.11070,2023,Jacob Beck,"Department of Computer Science, University of Oxford, Oxford, United Kingdom",research university
2302.11070,2023,Shimon Whiteson,"Department of Computer Science, University of Oxford, Oxford, United Kingdom",research university
2305.15318,2023,Rafael Kiesel,TU Wien,research university
2305.15318,2023,Kilian Rückschloß,Ludwig-Maximilians-Universität München,research university
2305.15318,2023,Felix Weitkämper,Ludwig-Maximilians-Universität München,research university
2301.13138,2023,Sven Nomm,"Department of Software Science, School of Information Technology, Tallinn University of Technology, (TalTech), Akadeemia tee 15 a, Tallinn, 12618, Estonia",research university
2306.04123,2023,Shufang Xie,"Beijing Key Laboratory of Big Data Management and Analysis Methods, Gaoling School of Artificial Intelligence (GSAI), Renmin University of China",research university
2306.04123,2023,Rui Yan,"Beijing Key Laboratory of Big Data Management and Analysis Methods, Gaoling School of Artificial Intelligence (GSAI), Renmin University of China",research university
2306.04123,2023,Junliang Guo,Microsoft Research Asia,industry research lab
2306.04123,2023,Yingce Xia,Microsoft Research AI4Science,industry research lab
2306.04123,2023,Lijun Wu,Microsoft Research AI4Science,industry research lab
2306.04123,2023,Tao Qin,Microsoft Research AI4Science,industry research lab
2304.02948,2023,Kang Chen,Shanghai Artificial Intelligence Laboratory; University of Science and Technology of China,industry research lab
2304.02948,2023,Tao Han,Shanghai Artificial Intelligence Laboratory,industry research lab
2304.02948,2023,Junchao Gong,Shanghai Artificial Intelligence Laboratory; Shanghai Jiao Tong University,industry research lab
2304.02948,2023,Lei Bai,Shanghai Artificial Intelligence Laboratory,industry research lab
2304.02948,2023,Fenghua Ling,Nanjing University of Information Science and Technology,research university
2304.02948,2023,Jing-Jia Luo,Nanjing University of Information Science and Technology,research university
2304.02948,2023,Xi Chen,"The Institute of Atmospheric Physics, Chinese Academy of Sciences",national research institute
2304.02948,2023,Leiming Ma,Shanghai Meteorological Bureau,government agency
2304.02948,2023,Tianning Zhang,Shanghai Artificial Intelligence Laboratory,industry research lab
2304.02948,2023,Rui Su,Shanghai Artificial Intelligence Laboratory,industry research lab
2304.02948,2023,Yuanzheng Ci,Shanghai Artificial Intelligence Laboratory,industry research lab
2304.02948,2023,Bin Li,University of Science and Technology of China,research university
2304.02948,2023,Xiaokang Yang,Shanghai Jiao Tong University,research university
2304.02948,2023,Wanli Ouyang,Shanghai Artificial Intelligence Laboratory,industry research lab
2305.05821,2023,Krzysztof Główka,"Human Interactivity and Language Lab, Faculty of Psychology, University of Warsaw, Poland",research university
2305.05821,2023,Julian Zubek,"Human Interactivity and Language Lab, Faculty of Psychology, University of Warsaw, Poland",research university
2305.05821,2023,Joanna Rączaszek-Leonardi,"Human Interactivity and Language Lab, Faculty of Psychology, University of Warsaw, Poland",research university
2303.16967,2023,Wiktor Piotrowski,"Palo Alto Research Center, CA, USA",industry research lab
2303.16967,2023,Yoni Sher,"Palo Alto Research Center, CA, USA",industry research lab
2303.16967,2023,Sachin Grover,"Palo Alto Research Center, CA, USA",industry research lab
2303.16967,2023,Roni Stern,"Palo Alto Research Center, CA, USA; Ben-Gurion University of the Negev, Beer-Sheva, Israel",industry research lab and research university
2303.16967,2023,Shiwali Mohan,"Palo Alto Research Center, CA, USA",industry research lab
2306.03081,2023,Alexander K. Lew,MIT,research university
2306.03081,2023,Tan Zhi-Xuan,MIT,research university
2306.03081,2023,Gabriel Grand,MIT,research university
2306.03081,2023,Vikash K. Mansinghka,MIT,research university
2402.03388,2024,Harshita Chopra,"Adobe Research, India",industry research lab
2402.03388,2024,Atanu R. Sinha,"Adobe Research, India",industry research lab
2402.03388,2024,Sunav Choudhary,"Adobe Research, India",industry research lab
2402.03388,2024,Ryan A. Rossi,"Adobe Research, USA",industry research lab
2402.03388,2024,Paavan Kumar Indela,"Adobe Research, India (at time of work)",industry research lab
2402.03388,2024,Veda Pranav Parwatala,"Adobe Research, India (at time of work)",industry research lab
2402.03388,2024,Srinjayee Paul,"Adobe Research, India (at time of work)",industry research lab
2402.03388,2024,Aurghya Maiti,"Adobe Research, India (at time of work)",industry research lab
2402.19251,2024,Haicheng Liao,University of Macau,research university
2402.19251,2024,Yongkang Li,University of Macau,research university
2402.19251,2024,Zhenning Li,University of Macau,research university
2402.19251,2024,Chengyue Wang,University of Macau,research university
2402.19251,2024,Zhiyong Cui,University of Washington,research university
2402.19251,2024,Shengbo Eben Li,Tsinghua University,research university
2402.19251,2024,Chengzhong Xu,University of Macau,research university
2402.08145,2024,Rushang Karia,Arizona State University,research university
2402.08145,2024,Pulkit Verma,Arizona State University,research university
2402.08145,2024,Alberto Speranzon,Lockheed Martin,defense contractor
2402.08145,2024,Siddharth Srivastava,Arizona State University,research university
2403.09289,2024,Anirban Mukherjee,"Samuel Curtis Johnson Graduate School of Management, Cornell University, Sage Hall, Ithaca, NY 14850, USA",research university
2403.09289,2024,Hannah Hanwen Chang,"Lee Kong Chian School of Business, Singapore Management University, 50 Stamford Road, Singapore, 178899",research university
2401.09680,2024,Jiawen Kang,Guangdong University of Technology,research university
2401.09680,2024,Yue Zhong,Guangdong University of Technology,research university
2401.09680,2024,Minrui Xu,Nanyang Technological University,research university
2401.09680,2024,Jiangtian Nie,Nanyang Technological University,research university
2401.09680,2024,Jinbo Wen,Guangdong University of Technology,research university
2401.09680,2024,Hongyang Du,Nanyang Technological University,research university
2401.09680,2024,Dongdong Ye,Guangdong University of Technology,research university
2401.09680,2024,Xumin Huang,Guangdong University of Technology,research university
2401.09680,2024,Dusit Niyato,Nanyang Technological University,research university
2401.09680,2024,Shengli Xie,Guangdong University of Technology,research university
2403.16416,2024,Lixi Zhu,"School of Computer Science and Technology, Beijing Jiaotong University, Beijing, China",research university
2403.16416,2024,Xiaowen Huang,"School of Computer Science and Technology, Beijing Jiaotong University; Beijing Key Lab of Traffic Data Analysis and Mining, Beijing Jiaotong University; Key Laboratory of Big Data & Artificial Intelligence in Transportation (Beijing Jiaotong University), Ministry of Education, Beijing, China",research university
2403.16416,2024,Jitao Sang,"School of Computer Science and Technology, Beijing Jiaotong University; Beijing Key Lab of Traffic Data Analysis and Mining, Beijing Jiaotong University; Key Laboratory of Big Data & Artificial Intelligence in Transportation (Beijing Jiaotong University), Ministry of Education, Beijing, China",research university
2403.16909,2024,Shinka Mori,"University of Michigan, Ann Arbor, Ann Arbor, MI, USA",research university
2403.16909,2024,Oana Ignat,"University of Michigan, Ann Arbor, Ann Arbor, MI, USA",research university
2403.16909,2024,Andrew Lee,"University of Michigan, Ann Arbor, Ann Arbor, MI, USA",research university
2403.16909,2024,Rada Mihalcea,"University of Michigan, Ann Arbor, Ann Arbor, MI, USA",research university
2403.04511,2024,Nicholas Sukiennik,"Department of Electronic Engineering, Beijing National Research Center for Information Science and Technology, Tsinghua University, Beijing, China",research university
2403.04511,2024,Chen Gao,"Beijing National Research Center for Information Science and Technology, Tsinghua University, Beijing, China",research university
2403.04511,2024,Nian Li,"Shenzhen International Graduate School, Tsinghua University, Shenzhen, China",research university
2404.12185,2024,Bestoun S. Ahmed,"Department of Mathematics and Computer Science, Karlstad University, Karlstad, 65188, Sweden; Department of Computer Science, Faculty of Electrical Engineering, Czech Technical University in Prague, Prague, 16627, Czech Republic",research university
2401.06375,2024,Gordon Banks,"Systems Engineering Program, George Mason University, Fairfax, VA 22030 USA",research university
2401.06375,2024,Gates Bierhuizen,"Systems Engineering Program, George Mason University, Fairfax, VA 22030 USA",research university
2401.06375,2024,Katherine McCrum,"Operations Research Program, George Mason University, Fairfax, VA 22030 USA",research university
2401.06375,2024,Ellen Wengert,"Systems Engineering Program, George Mason University, Fairfax, VA 22030 USA",research university
2404.10102,2024,Tamay Besiroglu,Epoch AI,nonprofit research organization
2404.10102,2024,Ege Erdil,Epoch AI,nonprofit research organization
2404.10102,2024,Matthew Barnett,Epoch AI,nonprofit research organization
2404.10102,2024,Josh You,Epoch AI,nonprofit research organization
2402.10083,2024,Ting Fang Tan,"Singapore National Eye Centre, Singapore Eye Research Institute, Singapore, Singapore",public hospital and research institute
2402.10083,2024,Kabilan Elangovan,"Singapore National Eye Centre, Singapore Eye Research Institute; Singapore Health Services, Artificial Intelligence Office, Singapore",public hospital and research institute
2402.10083,2024,Liyuan Jin,"Singapore Health Services, Artificial Intelligence Office; Duke-NUS Medical School, Singapore",public health system / medical school
2402.10083,2024,Yao Jie,"Singapore National Eye Centre, Singapore Eye Research Institute; Duke-NUS Medical School, Singapore",public hospital and research institute
2402.10083,2024,Li Yong,"Singapore National Eye Centre, Singapore Eye Research Institute; Duke-NUS Medical School, Singapore",public hospital and research institute
2402.10083,2024,Joshua Lim,"Singapore National Eye Centre, Singapore Eye Research Institute, Singapore, Singapore",public hospital and research institute
2402.10083,2024,Stanley Poh,"Singapore National Eye Centre, Singapore Eye Research Institute, Singapore, Singapore",public hospital and research institute
2402.10083,2024,Wei Yan Ng,"Singapore National Eye Centre, Singapore Eye Research Institute, Singapore, Singapore",public hospital and research institute
2402.10083,2024,Daniel Lim,"Department of Gastroenterology, Singapore General Hospital; Data Science and Artificial Intelligence Lab, Singapore General Hospital, Singapore",public hospital
2402.10083,2024,Yuhe Ke,"Department of Anesthesiology, Singapore General Hospital; Data Science and Artificial Intelligence Lab, Singapore General Hospital, Singapore",public hospital
2402.10083,2024,Nan Liu,"Singapore Health Services, Artificial Intelligence Office; Duke-NUS Medical School, Singapore",public health system / medical school
2402.10083,2024,Daniel Shu Wei Ting,"Singapore National Eye Centre, Singapore Eye Research Institute; Singapore Health Services, Artificial Intelligence Office; Duke-NUS Medical School, Singapore",public hospital and research institute
2403.05801,2024,Chen Li,"The University of Texas at Dallas, TX 30346, USA",research university
2403.05801,2024,Haotian Zheng,"The New York University, NY, 10012, USA",research university
2403.05801,2024,Yiping Sun,"Shanghai JiaoTong University, Shanghai, 200240, China",research university
2403.05801,2024,Cangqing Wang,"Boston University, MA, 02215, USA",research university
2403.05801,2024,Liqiang Yu,"The University of Chicago at Chicago, IL 60637, USA",research university
2403.05801,2024,Che Chang,"The George Washington University, DC 20052, USA",research university
2403.05801,2024,Xinyu Tian,"Georgia Institute of Technology, GA 30332, USA",research university
2403.05801,2024,Bo Liu,"Zhejiang University, Zhejiang 310058, China",research university
2403.14705,2024,Boaz Carmeli,Technion – Israel Institute of Technology,research university
2403.14705,2024,Yonatan Belinkov,Technion – Israel Institute of Technology,research university
2403.14705,2024,Ron Meir,Technion – Israel Institute of Technology,research university
2402.09844,2024,Quentin Gallouédec,"Hugging Face; Ecole Centrale de Lyon, CNRS, Universite Claude Bernard Lyon 1, INSA Lyon, Université Lumière Lyon 2, LIRIS, UMR5205, 69130 Ecully, France",industry research lab and research university
2402.09844,2024,Edward Beeching,Hugging Face,industry research lab
2402.09844,2024,Clément Romac,"Hugging Face; Inria (Flowers), University of Bordeaux, France",industry research lab and national research institute
2402.09844,2024,Emmanuel Dellandréa,"Ecole Centrale de Lyon, CNRS, Universite Claude Bernard Lyon 1, INSA Lyon, Université Lumière Lyon 2, LIRIS, UMR5205, 69130 Ecully, France",research university
2402.09558,2024,Ziyang Song,"School of Computer Science, McGill University, Montreal, Quebec, Canada; Mila - Quebec AI Institute, Montreal, Quebec, Canada",research university and AI institute
2402.09558,2024,Qincheng Lu,"School of Computer Science, McGill University, Montreal, Quebec, Canada",research university
2402.09558,2024,He Zhu,"School of Computer Science, McGill University, Montreal, Quebec, Canada; Mila - Quebec AI Institute, Montreal, Quebec, Canada",research university and AI institute
2402.09558,2024,David Buckeridge,"School of Population and Global Health, McGill University, Montreal, Quebec, Canada",research university
2402.09558,2024,Yue Li,"School of Computer Science, McGill University, Montreal, Quebec, Canada; Mila - Quebec AI Institute, Montreal, Quebec, Canada",research university and AI institute
2404.07511,2024,Hyung-il Ahn,"Noodle AI, San Francisco, CA 94104",AI startup
2404.07511,2024,Santiago Olivar,"Noodle AI, San Francisco, CA 94104",AI startup
2404.07511,2024,Hershel Mehta,"Noodle AI, San Francisco, CA 94104",AI startup
2404.07511,2024,Young Chol Song,"Noodle AI, San Francisco, CA 94104",AI startup
2404.19721,2024,Steph Buongiorno,Southern Methodist University Guildhall,research university
2404.19721,2024,Lawrence Jake Klinkert,Southern Methodist University Guildhall,research university
2404.19721,2024,Tanishq Chawla,Southern Methodist University Guildhall,research university
2404.19721,2024,Zixin Zhuang,Southern Methodist University Guildhall,research university
2404.19721,2024,Corey Clark,Southern Methodist University Guildhall,research university
2404.04752,2024,Peihan Li,"Drexel University, Philadelphia, PA 19104, USA",research university
2404.04752,2024,Vishnu Menon,"Drexel University, Philadelphia, PA 19104, USA",research university
2404.04752,2024,Bhavanaraj Gudiguntla,"Drexel University, Philadelphia, PA 19104, USA",research university
2404.04752,2024,Daniel Ting,"Drexel University, Philadelphia, PA 19104, USA",research university
2404.04752,2024,Lifeng Zhou,"Drexel University, Philadelphia, PA 19104, USA",research university
2404.12278,2024,David Restrepo,"Laboratory for Computational Physiology, Massachusetts Institute of Technology, Cambridge, Massachusetts, United States of America; Departamento de Telemática, Universidad del Cauca, Popayán, Cauca, Colombia.",research university
2404.12278,2024,Chenwei Wu,"Department of Electrical Engineering and Computer Science, University of Michigan, Ann Arbor, Michigan, United States of America.",research university
2404.12278,2024,Constanza Vásquez-Venegas,"Scientific Image Analysis Lab, Universidad de Chile, Santiago, Santiago, Chile.",research university
2404.12278,2024,Luis Filipe Nakayama,"Laboratory for Computational Physiology, Massachusetts Institute of Technology, Cambridge, Massachusetts, United States of America; Department of Ophthalmology, São Paulo Federal University, São Paulo, São Paulo, Brazil.",research university
2404.12278,2024,Leo Anthony Celi,"Laboratory for Computational Physiology, Massachusetts Institute of Technology, Cambridge, Massachusetts, United States of America; Department of Biostatistics, Harvard TH Chan School of Public Health, Boston, Massachusetts, United States of America; Department of Medicine, Beth Israel Deaconess Medical Center, Boston, Massachusetts, United States of America.",research university and academic medical center
2404.12278,2024,Diego M López,"Departamento de Telemática, Universidad del Cauca, Popayán, Cauca, Colombia.",research university
2403.05641,2024,Quan Do,"Graduate Program for Neuroscience, Boston University, Boston, MA; Center for Systems Neuroscience, Boston University, Boston, MA",research university
2403.05641,2024,Thomas M. Morin,"A. A. Martinos Center for Biomedical Imaging, Dept. of Radiology, Mass. General Hospital, Boston, MA; Psychology Department, Brandeis University, Waltham, MA",hospital and research university
2403.05641,2024,Chantal E. Stern,"Graduate Program for Neuroscience, Boston University, Boston, MA; Department of Psychological and Brain Sciences, Boston University, Boston, MA; Cognitive Neuroimaging Center, Boston University, Boston, MA",research university
2403.05641,2024,Michael E. Hasselmo,"Graduate Program for Neuroscience, Boston University, Boston, MA; Department of Psychological and Brain Sciences, Boston University, Boston, MA; Center for Systems Neuroscience, Boston University, Boston, MA",research university
2404.03624,2024,Bradley P. Allen,"University of Amsterdam, Amsterdam, The Netherlands",research university
2404.03624,2024,Filip Ilievski,"Vrije Universiteit, Amsterdam, The Netherlands",research university
2402.11804,2024,Kai Wang,Nanyang Technological University,research university
2402.11804,2024,Yuwei Xu,Nanyang Technological University,research university
2402.11804,2024,Zhiyong Wu,Shanghai Artificial Intelligence Laboratory,industry research lab
2402.11804,2024,Siqiang Luo,Nanyang Technological University,research university
2402.04382,2024,Sopam Dasgupta,"The University of Texas at Dallas, USA",research university
2402.04382,2024,Farhad Shakerin,"Microsoft Research, USA",industry research lab
2402.04382,2024,Joaquín Arias,"CETINIA, Universidad Rey Juan Carlos, Spain",research university
2402.04382,2024,Elmer Salazar,"The University of Texas at Dallas, USA",research university
2402.04382,2024,Gopal Gupta,"The University of Texas at Dallas, USA",research university
2404.02454,2024,Patrick Doherty,"Department of Computer and Information Science, Linköping University, Sweden; Faculty of Informatics, Mahasarakham University, Thailand",research university
2404.02454,2024,Andrzej Szalas,"Department of Computer and Information Science, Linköping University, Sweden; Institute of Informatics, University of Warsaw, Poland",research university
2402.15075,2024,Peng Lin,"School of Statistics, Capital University of Economics and Business, Beijing 100070, China",teaching university
2402.15075,2024,Martin Neil,"School of Electronic Engineering and Computer Science, Queen Mary, University of London, E1 4NS, London, UK",research university
2402.15075,2024,Norman Fenton,"School of Electronic Engineering and Computer Science, Queen Mary, University of London, E1 4NS, London, UK",research university
2402.04578,2024,Jiaqi Chen,Fudan University,research university
2402.04578,2024,Yuxian Jiang,Fudan University,research university
2402.04578,2024,Jiachen Lu,Fudan University,research university
2402.04578,2024,Li Zhang,"School of Data Science, Fudan University",research university
2401.16744,2024,Venetia Pliatsika,"New York University, New York, NY, USA",research university
2401.16744,2024,Joao Fonseca,"New York University, New York, NY, USA",research university
2401.16744,2024,Kateryna Akhynko,"Ukrainian Catholic University, Lviv, Ukraine",research university
2401.16744,2024,Ivan Shevchenko,"Ukrainian Catholic University, Lviv, Ukraine",research university
2401.16744,2024,Julia Stoyanovich,"New York University, New York, NY, USA",research university
2403.07769,2024,Carlos Jose Xavier Cruz,"carlos.cruz@fgv.edu.br, Fundação Getulio Vargas (FGV)",research university
2403.15760,2024,Jianqing Zhang,"Shanghai Jiao Tong University; Work done during internship at AIR (Institute for AI Industry Research, Tsinghua University)",research university
2403.15760,2024,Yang Liu,"Institute for AI Industry Research (AIR), Tsinghua University; Shanghai Artificial Intelligence Laboratory",industry research lab
2403.15760,2024,Yang Hua,Queen's University Belfast,research university
2403.15760,2024,Jian Cao,Shanghai Jiao Tong University; Shanghai Key Laboratory of Trusted Data Circulation and Governance in Web3,research university
2404.00017,2024,Anirban Mukherjee,"Samuel Curtis Johnson Graduate School of Management, Cornell University, Sage Hall, Ithaca, NY 14850, USA",research university
2402.08178,2024,Jae-Woo Choi,Electronics and Telecommunications Research Institute,government research institute
2402.08178,2024,Youngwoo Yoon,Electronics and Telecommunications Research Institute,government research institute
2402.08178,2024,Hyobin Ong,Electronics and Telecommunications Research Institute; University of Science and Technology,government research institute and public university
2402.08178,2024,Jaehong Kim,Electronics and Telecommunications Research Institute,government research institute
2402.08178,2024,Minsu Jang,Electronics and Telecommunications Research Institute; University of Science and Technology,government research institute and public university
2402.08423,2024,Peining Shen,"Xi'an Jiaotong University, China",research university
2402.08423,2024,Jianwu Fang,"Xi'an Jiaotong University, China",research university
2402.08423,2024,Hongkai Yu,"Cleveland State University, USA",research university
2402.08423,2024,Jianru Xue,"Xi'an Jiaotong University, China",research university
2402.07234,2024,Xin Tong,"School of Information and Network Security, People's Public Security University of China, Beijing",public security university
2402.07234,2024,Bo Jin,"National Engineering Research Center of Classified Protection and Safeguard Technology for Cybersecurity, The Third Research Institute of the Ministry of Public Security of China, Shanghai",government research institute
2402.07234,2024,Zhi Lin,"Department of Engineering Physics, Tsinghua University & Science and Technology Information Bureau, The Ministry of Public Security of China, Beijing",research university and government ministry
2402.07234,2024,Binjun Wang,"School of Information and Network Security, People's Public Security University of China, Beijing",public security university
2402.07234,2024,Ting Yu,"The Third Research Institute of the Ministry of Public Security of China, Shanghai",government research institute
2402.07234,2024,Qiang Cheng,"The Third Research Institute of the Ministry of Public Security of China, Shanghai",government research institute
2403.09925,2024,Saeid Amiri,"JP Morgan AI Research. New York City, NY, USA",industry research lab
2403.09925,2024,Parisa Zehtabi,"JP Morgan AI Research. London, UK",industry research lab
2403.09925,2024,Danial Dervovic,"JP Morgan AI Research. Edinburgh, UK",industry research lab
2403.09925,2024,Michael Cashmore,"JP Morgan AI Research. Edinburgh, UK",industry research lab
2403.17532,2024,Yilin Wang,"Defense Innovation Institute, Academy of Military Sciences",government military research institute
2403.17532,2024,Minghao Hu,Information Research Center of Military Science,government military research institute
2403.17532,2024,Zhen Huang,National Key Laboratory of Parallel and Distributed Computing,national lab
2403.17532,2024,Dongsheng Li,National Key Laboratory of Parallel and Distributed Computing,national lab
2403.17532,2024,Dong Yang,National Key Laboratory of Parallel and Distributed Computing,national lab
2403.17532,2024,Xicheng Lu,National Key Laboratory of Parallel and Distributed Computing,national lab
2403.15587,2024,David Herrera-Poyatos,"Department of Computer Sciences and Artificial Intelligence, and the Andalusian Research Institute in Data Science and Computational Intelligence (DaSCI), University of Granada, 18071 Granada, Spain",research university
2403.15587,2024,Cristina Zuheros,"Department of Computer Sciences and Artificial Intelligence, and the Andalusian Research Institute in Data Science and Computational Intelligence (DaSCI), University of Granada, 18071 Granada, Spain",research university
2403.15587,2024,Rosana Montes,"Department of Software Engineering, and the Andalusian Research Institute in Data Science and Computational Intelligence (DaSCI), University of Granada, 18071 Granada, Spain",research university
2403.15587,2024,Francisco Herrera,"Department of Computer Sciences and Artificial Intelligence, and the Andalusian Research Institute in Data Science and Computational Intelligence (DaSCI), University of Granada, 18071 Granada, Spain",research university
2401.02705,2024,Zhitao Wang,"WeChat Pay, Tencent, Shenzhen, China",tech company
2401.02705,2024,Wei Wang,"WeChat Pay, Tencent, Shenzhen, China",tech company
2401.02705,2024,Zirao Li,"WeChat Pay, Tencent, Shenzhen, China",tech company
2401.02705,2024,Long Wang,"WeChat Pay, Tencent, Shenzhen, China",tech company
2401.02705,2024,Can Yi,"WeChat Pay, Tencent, Shenzhen, China",tech company
2401.02705,2024,Xinjie Xu,"WeChat Pay, Tencent, Shenzhen, China",tech company
2401.02705,2024,Luyang Cao,"WeChat Pay, Tencent, Shenzhen, China",tech company
2401.02705,2024,Hanjing Su,"WeChat Pay, Tencent, Shenzhen, China",tech company
2401.02705,2024,Shouzhi Chen,"WeChat Pay, Tencent, Shenzhen, China",tech company
2401.02705,2024,Jun Zhou,"WeChat Pay, Tencent, Shenzhen, China",tech company
2403.14566,2024,Avani Gupta,"CVIT, KCIS, IIIT-Hyderabad, India",research university
2403.14566,2024,P J Narayanan,"CVIT, KCIS, IIIT-Hyderabad, India",research university
2401.03082,2024,Lin Sun,"Department of Computer Science, Hangzhou City University, China",teaching university
2401.03082,2024,Kai Zhang,"Department of Computer Science and Engineering, Ohio State University, USA",research university
2401.03082,2024,Qingyuan Li,"College of Computer Science and Technology, Zhejiang University, China",research university
2401.03082,2024,Renze Lou,"Department of Computer Science and Engineering, Pennsylvania State University, USA",research university
2404.15583,2024,Sarah Keren,"Taub Faculty of Computer Science, Technion – Israel Institute of Technology, Israel",research university
2404.15583,2024,Chaimaa Essayeh,"Departement of Engineering, Nottingham Trent University",research university
2404.15583,2024,Stefano V. Albrecht,"School of Informatics, University of Edinburgh",research university
2404.15583,2024,Thomas Morstyn,"Department of Engineering Science, University of Oxford",research university
2402.14083,2024,Lucas Lehnert,FAIR at Meta,industry research lab
2402.14083,2024,Sainbayar Sukhbaatar,FAIR at Meta,industry research lab
2402.14083,2024,DiJia Su,FAIR at Meta,industry research lab
2402.14083,2024,Qinqing Zheng,FAIR at Meta,industry research lab
2402.14083,2024,Paul Mcvay,FAIR at Meta,industry research lab
2402.14083,2024,Michael Rabbat,FAIR at Meta,industry research lab
2402.14083,2024,Yuandong Tian,FAIR at Meta,industry research lab
2403.01816,2024,Wenjing Zhang,Harbin Institute of Technology,research university
2403.01816,2024,Wei Zhang,Harbin Institute of Technology,research university
2402.10416,2024,Lance Ying,"Massachusetts Institute of Technology, Cambridge, MA, USA; Harvard University, Cambridge, MA, USA",research university
2402.10416,2024,Tan Zhi-Xuan,"Massachusetts Institute of Technology, Cambridge, MA, USA",research university
2402.10416,2024,Lionel Wong,"Massachusetts Institute of Technology, Cambridge, MA, USA",research university
2402.10416,2024,Vikash Mansinghka,"Massachusetts Institute of Technology, Cambridge, MA, USA",research university
2402.10416,2024,Joshua Tenenbaum,"Massachusetts Institute of Technology, Cambridge, MA, USA",research university
2404.11898,2024,Luke Lee,"King's College London, London, United Kingdom",research university
2402.05605,2024,Andrew Fuchs,"Department of Computer Science, Università di Pisa, Italy and Institute for Informatics and Telematics (IIT), National Research Council (CNR), Italy",research university and national research council
2402.05605,2024,Andrea Passarella,"Institute for Informatics and Telematics (IIT), National Research Council (CNR), Italy",national research council
2402.05605,2024,Marco Conti,"Institute for Informatics and Telematics (IIT), National Research Council (CNR), Italy",national research council
2402.02053,2024,Yangbin Yu,Tencent,tech company
2402.02053,2024,Qin Zhang,Tencent,tech company
2402.02053,2024,Junyou Li,Tencent,tech company
2402.02053,2024,Qiang Fu,Tencent,tech company
2402.02053,2024,Deheng Ye,Tencent,tech company
2405.02105,2024,Vladyslav Nechakhin,"L3S Research Center, Leibniz University Hannover, Hannover, Germany",research university
2405.02105,2024,Jennifer D'Souza,"Leibniz Information Centre for Science and Technology, Hannover, Germany",national library and information center
2405.02105,2024,Steffen Eger,"University of Mannheim, Mannheim, Germany",research university
2403.17426,2024,Saurav Joshi,"USC Information Sciences Institute, Marina del Rey, CA, USA",research institute (university-affiliated)
2403.17426,2024,Filip Ilievski,"USC Information Sciences Institute, Marina del Rey, CA, USA; Vrije Universiteit, Amsterdam, The Netherlands",research institute (university-affiliated) and research university
2403.17426,2024,Jay Pujara,"USC Information Sciences Institute, Marina del Rey, CA, USA",research institute (university-affiliated)
2402.15515,2024,Aokun Chen,"Department of Health Outcomes and Biomedical Informatics, College of Medicine, University of Florida, Gainesville, FL",research university
2402.15515,2024,Qian Li,"Department of Health Outcomes and Biomedical Informatics, College of Medicine, University of Florida, Gainesville, FL",research university
2402.15515,2024,Yu Huang,"Department of Health Outcomes and Biomedical Informatics, College of Medicine, University of Florida, Gainesville, FL",research university
2402.15515,2024,Yongqiu Li,"Department of Health Outcomes and Biomedical Informatics, College of Medicine, University of Florida, Gainesville, FL",research university
2402.15515,2024,Yu-neng Chuang,"Department of Computer Science, George R. Brown School of Engineering, Rice University, Houston, TX",research university
2402.15515,2024,Xia Hu,"Department of Computer Science, George R. Brown School of Engineering, Rice University, Houston, TX",research university
2402.15515,2024,Serena Guo,"Department of Pharmaceutical Outcomes & Policy, College of Pharmacy, University of Florida, Gainesville, FL",research university
2402.15515,2024,Yonghui Wu,"Department of Health Outcomes and Biomedical Informatics, College of Medicine, University of Florida, Gainesville, FL",research university
2402.15515,2024,Yi Guo,"Department of Health Outcomes and Biomedical Informatics, College of Medicine, University of Florida, Gainesville, FL",research university
2402.15515,2024,Jiang Bian,"Department of Health Outcomes and Biomedical Informatics, College of Medicine, University of Florida, Gainesville, FL",research university
2501.09316,2025,Anbang Ye,HPC-AI Tech,tech company
2501.09316,2025,Qianran Ma,HPC-AI Tech,tech company
2501.09316,2025,Jia Chen,Grab Holdings Inc,tech company
2501.09316,2025,Muqi Li,Grab Holdings Inc,tech company
2501.09316,2025,Tong Li,HPC-AI Tech,tech company
2501.09316,2025,Fujiao Liu,Grab Holdings Inc,tech company
2501.09316,2025,Siqi Mai,HPC-AI Tech,tech company
2501.09316,2025,Meichen Lu,Grab Holdings Inc,tech company
2501.09316,2025,Haitao Bao,Grab Holdings Inc,tech company
2501.09316,2025,Yang You,National University of Singapore,research university
2503.08308,2025,Zhuo Zhi,"University College London, UK",research university
2503.08308,2025,Chen Feng,"University College London, UK",research university
2503.08308,2025,Adam Daneshmend,"National Health Service, UK",public healthcare system
2503.08308,2025,Mine Orlu,"University College London, UK",research university
2503.08308,2025,Andreas Demosthenous,"University College London, UK",research university
2503.08308,2025,Lu Yin,"University of Surrey, UK",research university
2503.08308,2025,Da Li,"Samsung AI Centre, UK",industry research lab
2503.08308,2025,Ziquan Liu,"Queen Mary University of London, UK",research university
2503.08308,2025,Miguel R. D. Rodrigues,"University College London, UK",research university
2502.07803,2025,Cheryl Li,"Independent Researcher, Beijing, China",independent researcher
2502.07803,2025,Tianyuan Xu,"Peking University, Beijing, China",research university
2502.07803,2025,Yiwen Guo,"Independent Researcher, Beijing, China",independent researcher
2503.17354,2025,David Rein,Model Evaluation & Threat Research (METR),AI safety nonprofit
2503.17354,2025,Joel Becker,Model Evaluation & Threat Research (METR),AI safety nonprofit
2503.17354,2025,Amy Deng,Model Evaluation & Threat Research (METR),AI safety nonprofit
2503.17354,2025,Seraphina Nix,Model Evaluation & Threat Research (METR),AI safety nonprofit
2503.17354,2025,Chris Canal,Equistamp,tech company
2503.17354,2025,Daniel O'Connel,Equistamp,tech company
2503.17354,2025,Pip Arnott,Independent Contributor,independent researcher
2503.17354,2025,Ryan Bloom,Model Evaluation & Threat Research (METR),AI safety nonprofit
2503.17354,2025,Thomas Broadley,Model Evaluation & Threat Research (METR),AI safety nonprofit
2503.17354,2025,Katharyn Garcia,Model Evaluation & Threat Research (METR),AI safety nonprofit
2503.17354,2025,Brian Goodrich,Model Evaluation & Threat Research (METR),AI safety nonprofit
2503.17354,2025,Max Hasin,Model Evaluation & Threat Research (METR),AI safety nonprofit
2503.17354,2025,Sami Jawhar,Model Evaluation & Threat Research (METR),AI safety nonprofit
2503.17354,2025,Megan Kinniment,Model Evaluation & Threat Research (METR),AI safety nonprofit
2503.17354,2025,Thomas Kwa,Model Evaluation & Threat Research (METR),AI safety nonprofit
2503.17354,2025,Aron Lajko,Independent Contributor,independent researcher
2503.17354,2025,Nate Rush,Model Evaluation & Threat Research (METR),AI safety nonprofit
2503.17354,2025,Lucas Jun Koba Sato,Model Evaluation & Threat Research (METR),AI safety nonprofit
2503.17354,2025,Sydney Von Arx,Model Evaluation & Threat Research (METR),AI safety nonprofit
2503.17354,2025,Ben West,Model Evaluation & Threat Research (METR),AI safety nonprofit
2503.17354,2025,Lawrence Chan,Model Evaluation & Threat Research (METR),AI safety nonprofit
2503.17354,2025,Elizabeth Barnes,Model Evaluation & Threat Research (METR),AI safety nonprofit
2501.06485,2025,En Xu,"Department of Electronic Engineering, Tsinghua University",research university
2501.06485,2025,Can Rong,"Department of Electronic Engineering, Tsinghua University",research university
2501.06485,2025,Jingtao Ding,"Department of Electronic Engineering, Tsinghua University",research university
2501.06485,2025,Yong Li,"Department of Electronic Engineering, Tsinghua University",research university
2503.14973,2025,Rishav Rishav,"University of Calgary, Mila",research university with affiliated AI institute
2503.14973,2025,Somjit Nath,"McGill University, Mila",research university with affiliated AI institute
2503.14973,2025,Vincent Michalski,"Université de Montréal, Mila",research university with affiliated AI institute
2503.14973,2025,Samira Ebrahimi Kahou,"University of Calgary, Canada CIFAR AI Chair, Mila",research university with affiliated AI institute
2503.06202,2025,Wei Liu,"School of Computer Science and Technology, HUST",research university
2503.06202,2025,Zhiying Deng,"Faculty of Artificial Intelligence in Education, Central China Normal University",research university
2503.06202,2025,Zhongyu Niu,"School of Computer Science and Technology, HUST",research university
2503.06202,2025,Jun Wang,iWudao Tech,tech company
2503.06202,2025,Haozhao Wang,"School of Computer Science and Technology, HUST",research university
2503.06202,2025,Zhigang Zeng,"School of Artificial Intelligence and Automation, HUST",research university
2503.06202,2025,Ruixuan Li,"School of Computer Science and Technology, HUST",research university
2503.12917,2025,Lin-Han Jia,"National Key Laboratory for Novel Software Technology, Nanjing University, Nanjing, China",research university
2503.12917,2025,Wen-Chao Hu,"National Key Laboratory for Novel Software Technology, Nanjing University, Nanjing, China; School of Artificial Intelligence, Nanjing University, Nanjing, China",research university
2503.12917,2025,Jie-Jing Shao,"National Key Laboratory for Novel Software Technology, Nanjing University, Nanjing, China; School of Artificial Intelligence, Nanjing University, Nanjing, China",research university
2503.12917,2025,Lan-Zhe Guo,"National Key Laboratory for Novel Software Technology, Nanjing University, Nanjing, China; School of Intelligence Science and Technology, Nanjing University, Nanjing, China",research university
2503.12917,2025,Yu-Feng Li,"National Key Laboratory for Novel Software Technology, Nanjing University, Nanjing, China; School of Artificial Intelligence, Nanjing University, Nanjing, China",research university
2502.07944,2025,Brian Lu,"Purdue University West Lafayette, IN 47906, United States",research university
2502.07944,2025,Dennis Pham,"Purdue University West Lafayette, IN 47906, United States",research university
2502.07944,2025,Ti-Chiun Chang,"MRL, Merck & Co., Inc. Rahway, NJ 07065, United States",pharmaceutical company research lab
2502.07944,2025,Michael Lovette,"MRL, Merck & Co., Inc. Rahway, NJ 07065, United States",pharmaceutical company research lab
2502.07944,2025,Terri Bui,"MRL, Merck & Co., Inc. Rahway, NJ 07065, United States",pharmaceutical company research lab
2502.07944,2025,Stephen Ma,"MRL, Merck & Co., Inc. Rahway, NJ 07065, United States",pharmaceutical company research lab
2503.10009,2025,Bowen Zhang,"Ningbo Artificial Intelligence Institute, Shanghai Jiao Tong University, Ningbo, China; Department of Automation, Shanghai Jiao Tong University, Shanghai, China",research university
2503.10009,2025,Pengcheng Luo,"Ningbo Artificial Intelligence Institute, Shanghai Jiao Tong University, Ningbo, China; Department of Automation, Shanghai Jiao Tong University, Shanghai, China",research university
2503.10009,2025,Genke Yang,"Ningbo Artificial Intelligence Institute, Shanghai Jiao Tong University, Ningbo, China; Department of Automation, Shanghai Jiao Tong University, Shanghai, China",research university
2503.10009,2025,Boon-Hee Soong,"School of Electrical and Electronics Engineering, Nanyang Technological University, Singapore",research university
2503.10009,2025,Chau Yuen,"School of Electrical and Electronics Engineering, Nanyang Technological University, Singapore",research university
2503.04291,2025,Tianyang Zhang,"Learnable.ai, Shanghai, China",AI tech startup
2503.04291,2025,Zhuoxuan Jiang,"Shanghai Business School, Shanghai, China",business school
2503.04291,2025,Haotian Zhang,"Learnable.ai, Shanghai, China",AI tech startup
2503.04291,2025,Lin Lin,"UCloud Technology Co. Ltd., Shanghai, China",tech company
2503.04291,2025,Shaohua Zhang,"Shanghai Business School, Shanghai, China",business school
2501.18296,2025,Chris Partridge,"BORO Solutions Ltd, University of Westminster, London, UK",consulting company and research university
2501.18296,2025,Andrew Mitchell,"BORO Solutions Ltd, University of Westminster, London, UK",consulting company and research university
2501.18296,2025,Sergio de Cesare,"Westminster Business School, University of Westminster, London, UK",research university
2501.18296,2025,John Beverley,"Department of Philosophy, University at Buffalo, Buffalo, USA",research university
2502.08119,2025,Jiahao You,"The Key Laboratory of Dynamic Cognitive System of Electromagnetic Spectrum Space, Ministry of Industry and Information Technology, Nanjing University of Aeronautics and Astronautics, Nanjing, Jiangsu, 211106, China",research university
2502.08119,2025,Ziye Jia,"The Key Laboratory of Dynamic Cognitive System of Electromagnetic Spectrum Space, Ministry of Industry and Information Technology, Nanjing University of Aeronautics and Astronautics, Nanjing, Jiangsu, China; National Mobile Communications Research Laboratory, Southeast University, Nanjing, Jiangsu, 211111, China",research university
2502.08119,2025,Chao Dong,"The Key Laboratory of Dynamic Cognitive System of Electromagnetic Spectrum Space, Ministry of Industry and Information Technology, Nanjing University of Aeronautics and Astronautics, Nanjing, Jiangsu, 211106, China",research university
2502.08119,2025,Qihui Wu,"The Key Laboratory of Dynamic Cognitive System of Electromagnetic Spectrum Space, Ministry of Industry and Information Technology, Nanjing University of Aeronautics and Astronautics, Nanjing, Jiangsu, 211106, China",research university
2502.08119,2025,Zhu Han,"Department of Electrical and Computer Engineering, University of Houston, Houston, TX 77004, USA; Department of Computer Science and Engineering, Kyung Hee University, Seoul 446-701, South Korea",research university
2501.13533,2025,Francis Rhys Ward,Imperial College London,research university
2503.15726,2025,Joseph Emmanuel DL Dayo,"University of the Philippines, Diliman, Quezon City, Philippines",research university
2503.15726,2025,Michel Onasis S. Ogbinar,"University of the Philippines, Diliman, Quezon City, Philippines",research university
2503.15726,2025,Prospero C. Naval,"University of the Philippines, Diliman, Quezon City, Philippines",research university
2503.16326,2025,Long Yuan,"Beijing Jiaotong University, Beijing, China",research university
2503.16326,2025,Fengran Mo,"University of Montreal, Montreal, Quebec, Canada",research university
2503.16326,2025,Kaiyu Huang,"Beijing Jiaotong University, Beijing, China",research university
2503.16326,2025,Wenjie Wang,"Beijing Jiaotong University, Beijing, China",research university
2503.16326,2025,Wangyuxuan Zhai,"Beijing Jiaotong University, Beijing, China",research university
2503.16326,2025,Xiaoyu Zhu,"Beijing Jiaotong University, Beijing, China",research university
2503.16326,2025,You Li,"Beijing Jiaotong University, Beijing, China",research university
2503.16326,2025,Jinan Xu,"Beijing Jiaotong University, Beijing, China",research university
2503.16326,2025,Jian-Yun Nie,"University of Montreal, Montreal, Quebec, Canada",research university
2503.05592,2025,Huatong Song,"Gaoling School of Artificial Intelligence, Renmin University of China",research university
2503.05592,2025,Jinhao Jiang,"Gaoling School of Artificial Intelligence, Renmin University of China",research university
2503.05592,2025,Yingqian Min,"Gaoling School of Artificial Intelligence, Renmin University of China",research university
2503.05592,2025,Jie Chen,"Gaoling School of Artificial Intelligence, Renmin University of China",research university
2503.05592,2025,Zhipeng Chen,"Gaoling School of Artificial Intelligence, Renmin University of China",research university
2503.05592,2025,Wayne Xin Zhao,"Gaoling School of Artificial Intelligence, Renmin University of China",research university
2503.05592,2025,Lei Fang,DataCanvas Alaya NeW,tech company
2503.05592,2025,Ji-Rong Wen,"Gaoling School of Artificial Intelligence, Renmin University of China",research university
2502.00691,2025,Haozhe Wang,Hong Kong University of Science and Technology,research university
2502.00691,2025,Long Li,INFLY Tech,tech company
2502.00691,2025,Chao Qu,INFLY Tech,tech company
2502.00691,2025,Fengming Zhu,Hong Kong University of Science and Technology,research university
2502.00691,2025,Weidi Xu,INFLY Tech,tech company
2502.00691,2025,Wei Chu,INFLY Tech,tech company
2502.00691,2025,Fangzhen Lin,Hong Kong University of Science and Technology,research university
2504.00762,2025,Jianhao Chen,"State Key Laboratory for Novel Software Technology, Nanjing University",research university
2504.00762,2025,Zishuo Xun,The University of Auckland,research university
2504.00762,2025,Bocheng Zhou,Shanghai Artificial Intelligence Laboratory,industry research lab
2504.00762,2025,Han Qi,Shanghai Artificial Intelligence Laboratory,industry research lab
2504.00762,2025,Hangfan Zhang,The Pennsylvania State University,research university
2504.00762,2025,Qiaosheng Zhang,Shanghai Artificial Intelligence Laboratory,industry research lab
2504.00762,2025,Yang Chen,The University of Auckland,research university
2504.00762,2025,Wei Hu,"State Key Laboratory for Novel Software Technology, Nanjing University",research university
2504.00762,2025,Yuzhong Qu,"State Key Laboratory for Novel Software Technology, Nanjing University",research university
2504.00762,2025,Wanli Ouyang,Shanghai Artificial Intelligence Laboratory,industry research lab
2504.00762,2025,Shuyue Hu,Shanghai Artificial Intelligence Laboratory,industry research lab
2501.11223,2025,Maciej Besta,ETH Zurich,research university
2501.11223,2025,Julia Barth,ETH Zurich,research university
2501.11223,2025,Eric Schreiber,ETH Zurich,research university
2501.11223,2025,Ales Kubicek,ETH Zurich,research university
2501.11223,2025,Afonso Catarino,ETH Zurich,research university
2501.11223,2025,Robert Gerstenberger,ETH Zurich,research university
2501.11223,2025,Piotr Nyczyk,Cledar,tech company
2501.11223,2025,Patrick Iff,ETH Zurich,research university
2501.11223,2025,Yueling Li,BASF SE,industrial corporation
2501.11223,2025,Sam Houliston,ETH Zurich,research university
2501.11223,2025,Tomasz Sternal,ETH Zurich,research university
2501.11223,2025,Marcin Copik,ETH Zurich,research university
2501.11223,2025,Grzegorz Kwaśniewski,ETH Zurich,research university
2501.11223,2025,Jürgen Müller,BASF SE,industrial corporation
2501.11223,2025,Łukasz Flis,Cyfronet AGH,national computing center
2501.11223,2025,Hannes Eberhard,ETH Zurich,research university
2501.11223,2025,Zixuan Chen,ETH Zurich,research university
2501.11223,2025,Hubert Niewiadomski,Cledar,tech company
2501.11223,2025,Torsten Hoefler,ETH Zurich,research university
2502.15662,2025,Vincent Hsiao,"NRC Postdoctoral Fellow, Naval Research Laboratory, Washington DC, United States",government research lab
2502.15662,2025,Mark Roberts,"Naval Research Laboratory, Washington DC, United States",government research lab
2502.15662,2025,Laura M. Hiatt,"Naval Research Laboratory, Washington DC, United States",government research lab
2502.15662,2025,George Konidaris,"Brown University, Providence RI, United States",research university
2502.15662,2025,Dana Nau,"University of Maryland, College Park, MD, United States",research university
2504.00424,2025,Jianshu She,Mohamed bin Zayed University of Artificial Intelligence (MBZUAI),research university
2504.00424,2025,Zhuohao Li,"University of California, Los Angeles",research university
2504.00424,2025,Zhemin Huang,Stanford University,research university
2504.00424,2025,Qi Li,Independent Researcher,independent researcher
2504.00424,2025,Peiran Xu,"University of California, Los Angeles",research university
2504.00424,2025,Haonan Li,Mohamed bin Zayed University of Artificial Intelligence (MBZUAI),research university
2504.00424,2025,Qirong Ho,Mohamed bin Zayed University of Artificial Intelligence (MBZUAI),research university
2501.12942,2025,Zhuoran Li,"Institute for Interdisciplinary Information Sciences (IIIS), Tsinghua University",research university
2501.12942,2025,Ruishuo Chen,"School of Mathematics, Nanjing University",research university
2501.12942,2025,Hai Zhong,"Institute for Interdisciplinary Information Sciences (IIIS), Tsinghua University",research university
2501.12942,2025,Longbo Huang,"Institute for Interdisciplinary Information Sciences (IIIS), Tsinghua University",research university
2501.01349,2025,Liang He,"National Key Laboratory for Novel Software Technology, Nanjing University",research university
2501.01349,2025,Yougang Chu,"National Key Laboratory for Novel Software Technology, Nanjing University",research university
2501.01349,2025,Zhen Wu,"National Key Laboratory for Novel Software Technology, Nanjing University",research university
2501.01349,2025,Jianbing Zhang,"National Key Laboratory for Novel Software Technology, Nanjing University",research university
2501.01349,2025,Xinyu Dai,"National Key Laboratory for Novel Software Technology, Nanjing University",research university
2501.01349,2025,Jiajun Chen,"National Key Laboratory for Novel Software Technology, Nanjing University",research university
2503.19602,2025,Yuyao Ge,"AI Safety of Chinese Academy of Sciences, Institute of Computing Technology, CAS; University of Chinese Academy of Sciences",national research institute
2503.19602,2025,Shenghua Liu,"AI Safety of Chinese Academy of Sciences, Institute of Computing Technology, CAS; University of Chinese Academy of Sciences",national research institute
2503.19602,2025,Yiwei Wang,"University of California, Merced",public research university
2503.19602,2025,Lingrui Mei,"AI Safety of Chinese Academy of Sciences, Institute of Computing Technology, CAS; University of Chinese Academy of Sciences",national research institute
2503.19602,2025,Lizhe Chen,"Shenzhen International Graduate School, Tsinghua University, Shenzhen, China",research university
2503.19602,2025,Baolong Bi,"AI Safety of Chinese Academy of Sciences, Institute of Computing Technology, CAS; University of Chinese Academy of Sciences",national research institute
2503.19602,2025,Xueqi Cheng,"AI Safety of Chinese Academy of Sciences, Institute of Computing Technology, CAS; University of Chinese Academy of Sciences",national research institute
2503.03350,2025,Thomas Bömer,"TU Dortmund University, Leonhard-Euler-Straße 5, 44227 Dortmund, Germany",research university
2503.03350,2025,Nico Koltermann,"TU Dortmund University, Leonhard-Euler-Straße 5, 44227 Dortmund, Germany",research university
2503.03350,2025,Max Disselnmeyer,"Karlsruhe Institute of Technology, Kriegsstraße 77, 76133 Karlsruhe, Germany",research university
2503.03350,2025,Laura Dörr,"Karlsruhe Institute of Technology, Kriegsstraße 77, 76133 Karlsruhe, Germany",research university
2503.03350,2025,Anne Meyer,"Karlsruhe Institute of Technology, Kriegsstraße 77, 76133 Karlsruhe, Germany",research university
2503.02861,2025,Jingfei Huang,Harvard University,research university
2503.02861,2025,Alexandros Haridis,Harvard University,research university
2504.01995,2025,Hamed Mahdavi,Pennsylvania State University,research university
2504.01995,2025,Alireza Hashemi,City University of New York,research university
2504.01995,2025,Majid Daliri,New York University,research university
2504.01995,2025,Pegah Mohammadipour,Pennsylvania State University,research university
2504.01995,2025,Alireza Farhadi,Amirkabir University of Technology,research university
2504.01995,2025,Samira Malek,Pennsylvania State University,research university
2504.01995,2025,Yekta Yazdanifard,Bocconi University,research university
2504.01995,2025,Amir Khasahmadi,Autodesk,tech company
2504.01995,2025,Vasant Honavar,Pennsylvania State University,research university
2502.15795,2025,Willy Chan,"Department of Computer Science, Stanford University",research university
2502.15795,2025,Michael Souliman,"Department of Computer Science, Stanford University",research university
2502.15795,2025,Jakob Nordhagen,"Department of Computer Science, Stanford University",research university
2502.15795,2025,Brando Miranda,"Department of Computer Science, Stanford University",research university
2502.15795,2025,Elyas Obbad,"Department of Computer Science, Stanford University",research university
2502.15795,2025,Kai Fronsdal,"Department of Computer Science, Stanford University",research university
2502.15795,2025,Sanmi Koyejo,"Department of Computer Science, Stanford University",research university
2501.06471,2025,Wilson Wei,"EureXa Labs, Singapore",industry research lab
2501.06471,2025,Nicholas Chen,"Peking University, China",research university
2501.06471,2025,Yuxuan Li,"University of Waterloo, Canada",research university
2502.07443,2025,Vince Trencsenyi,"Royal Holloway University of London, Egham, Surrey, UK",research university
2502.07443,2025,Agnieszka Mensfelt,"Royal Holloway University of London, Egham, Surrey, UK",research university
2502.07443,2025,Kostas Stathis,"Royal Holloway University of London, Egham, Surrey, UK",research university
2501.05435,2025,Brandon C. Colelough,"University of Maryland, College Park, 8125 Paint Branch Dr, College Park, MD 20742",research university
2501.05435,2025,William Regli,"University of Maryland, College Park, 8125 Paint Branch Dr, College Park, MD 20742",research university
2501.10476,2025,Katherine M. Collins,University of Cambridge,research university
2501.10476,2025,Umang Bhatt,New York University; The Alan Turing Institute,research university and national research institute
2501.10476,2025,Ilia Sucholutsky,New York University,research university
2501.06461,2025,Francisco Olivos,"Department of Sociology and Social Policy, Lingnan University",liberal arts university
2501.06461,2025,Tobias Kamelski,"Department of Sociology and Social Policy, Lingnan University",liberal arts university
2501.06461,2025,Sebastián Ascui-Gac,"Department of Sociology and Social Policy, Lingnan University",liberal arts university
2501.07183,2025,Frédérick Fabre Ferber,"LIM EA2525, Université de La Réunion; UPR Recyclage et risque, CIRAD",research university and agricultural research center
2501.07183,2025,Dominique Gay,"LIM EA2525, Université de La Réunion",research university
2501.07183,2025,Jean-Christophe Soulié,"UPR Recyclage et risque, CIRAD",agricultural research center
2501.07183,2025,Jean Diatta,"LIM EA2525, Université de La Réunion",research university
2501.07183,2025,Odalric-Ambrym Maillard,"SCOOL, INRIA",national research institute
2503.13804,2025,Kai Guo,Michigan State University,research university
2503.13804,2025,Harry Shomer,Michigan State University,research university
2503.13804,2025,Shenglai Zeng,Michigan State University,research university
2503.13804,2025,Haoyu Han,Michigan State University,research university
2503.13804,2025,Yu Wang,University of Oregon,research university
2503.13804,2025,Jiliang Tang,Michigan State University,research university
2502.11574,2025,Johan Boye,"KTH Royal Institute of Technology, Stockholm, Sweden",research university
2502.11574,2025,Birger Moell,"KTH Royal Institute of Technology, Stockholm, Sweden",research university
2502.09933,2025,Kai Yan,ByteDance Seed; University of Illinois Urbana-Champaign,tech company / research university
2502.09933,2025,Zhan Ling,ByteDance Seed,tech company
2502.09933,2025,Kang Liu,ByteDance Seed,tech company
2502.09933,2025,Yifan Yang,ByteDance Seed,tech company
2502.09933,2025,Ting-Han Fan,ByteDance Seed,tech company
2502.09933,2025,Lingfeng Shen,ByteDance Seed,tech company
2502.09933,2025,Zhengyin Du,ByteDance Seed,tech company
2502.09933,2025,Jiecao Chen,ByteDance Seed,tech company
2503.01139,2025,Junyi Li,The Hong Kong University of Science and Technology (Guangzhou),research university
2503.01139,2025,Yongqiang Chen,MBZUAI; Carnegie Mellon University,research university / AI research institute
2503.01139,2025,Chenxi Liu,Hong Kong Baptist University,research university
2503.01139,2025,Qianyi Cai,The Hong Kong University of Science and Technology (Guangzhou),research university
2503.01139,2025,Tongliang Liu,The University of Sydney; MBZUAI,research university / AI research institute
2503.01139,2025,Bo Han,Hong Kong Baptist University,research university
2503.01139,2025,Kun Zhang,MBZUAI; Carnegie Mellon University,research university / AI research institute
2503.01139,2025,Hui Xiong,The Hong Kong University of Science and Technology (Guangzhou),research university
2502.14345,2025,Yuchen Shi,Tencent YouTu Lab,industry research lab
2502.14345,2025,Siqi Cai,Tencent YouTu Lab,industry research lab
2502.14345,2025,Zihan Xu,Tencent YouTu Lab,industry research lab
2502.14345,2025,Yuei Qin,Tencent YouTu Lab,industry research lab
2502.14345,2025,Gang Li,Tencent YouTu Lab,industry research lab
2502.14345,2025,Hang Shao,Tencent YouTu Lab,industry research lab
2502.14345,2025,Jiawei Chen,Fudan University,research university
2502.14345,2025,Deqing Yang,Fudan University,research university
2502.14345,2025,Ke Li,Tencent YouTu Lab,industry research lab
2502.14345,2025,Xing Sun,Tencent YouTu Lab,industry research lab
2501.05790,2025,Taywon Min,KAIST,research university
2501.05790,2025,Haeone Lee,KAIST,research university
2501.05790,2025,Yongchan Kwon,Columbia University,research university
2501.05790,2025,Kimin Lee,KAIST,research university
2503.04176,2025,Hejie Cui,Stanford University,research university
2503.04176,2025,Alyssa Unell,Stanford University,research university
2503.04176,2025,Bowen Chen,Stanford University,research university
2503.04176,2025,Jason Alan Fries,Stanford University,research university
2503.04176,2025,Emily Alsentzer,Stanford University,research university
2503.04176,2025,Sanmi Koyejo,Stanford University,research university
2503.04176,2025,Nigam Shah,Stanford University,research university
2501.06766,2025,Marco Calautti,"DI, University of Milan, Italy",research university
2501.06766,2025,Enrico Malizia,"DISI, University of Bologna, Italy",research university
2501.06766,2025,Cristian Molinaro,"DIMES, University of Calabria, Italy",research university
2501.04733,2025,Cuihui Xia,"Institute of Tibetan Plateau Research, Chinese Academy of Sciences, Beijing, China",government research institute
2501.04733,2025,Lei Yue,"China Electric Power Research Institute, Beijing, China",state-owned industry research institute
2501.04733,2025,Deliang Chen,"Department of Earth System Science, Tsinghua University, Beijing, China; Department of Earth Sciences, University of Gothenburg, Gothenburg, Sweden",research university
2501.04733,2025,Yuyang Li,"National Astronomical Observatories of the Chinese Academy of Sciences, Beijing, China",government research institute
2501.04733,2025,Hongqiang Yang,"The South China Sea Institute of Oceanology, Chinese Academy of Sciences, Guangzhou, China",government research institute
2501.04733,2025,Ancheng Xue,"North China Electric Power University, Beijing, China",research university
2501.04733,2025,Zhiqiang Li,"China Electric Power Research Institute, Beijing, China",state-owned industry research institute
2501.04733,2025,Qing He,"Global Energy Interconnection Development and Cooperation Organization, Beijing, China",international nonprofit organization
2501.04733,2025,Guoqing Zhang,"Institute of Tibetan Plateau Research, Chinese Academy of Sciences, Beijing, China",government research institute
2501.04733,2025,Dambaru Ballab Kattel,"Institute of Tibetan Plateau Research, Chinese Academy of Sciences, Beijing, China",government research institute
2501.04733,2025,Lei Lei,"Alibaba Cloud, Hangzhou, China",tech company
2501.04733,2025,Ming Zhou,"Alibaba Cloud, Hangzhou, China",tech company
2503.23633,2025,Zhenlong Li,"Geoinformation and Big Data Research Lab, Department of Geography, The Pennsylvania State University, University Park, PA, USA",research university
2503.23633,2025,Huan Ning,"Geoinformation and Big Data Research Lab, Department of Geography, The Pennsylvania State University, University Park, PA, USA",research university
2503.23633,2025,Song Gao,"Department of Geography, University of Wisconsin – Madison, WI, USA",research university
2503.23633,2025,Krzysztof Janowicz,"STKO Lab, Department of Geography and Regional Research, University of Vienna, Vienna, Austria",research university
2503.23633,2025,Wenwen Li,"Spatial Analysis Research Center, School of Geographical Sciences and Urban Planning, Arizona State University, AZ, USA",research university
2503.23633,2025,Samantha T. Arundel,"Center of Excellence for Geospatial Information Science, U.S. Geological Survey, VA, USA",federal government agency
2503.23633,2025,Chaowei Yang,"NSF Spatiotemporal Innovation Center, Department of Geography & Geoinformation Science, George Mason University, VA, USA",research university
2503.23633,2025,Budhendra Bhaduri,"Science, Programs, and Partnerships, National Security Sciences, Oak Ridge National Laboratory (ORNL), TN, USA",national lab
2503.23633,2025,Shaowen Wang,"CyberGIS Center for Advanced Digital and Spatial Studies, Department of Geography and Geographic Information Science, University of Illinois Urbana-Champaign, IL, USA",research university
2503.23633,2025,A-Xing Zhu,"Department of Geography, University of Wisconsin – Madison, WI, USA",research university
2503.23633,2025,Mark Gahegan,"School of Computer Science, University of Auckland, New Zealand",research university
2503.23633,2025,Shashi Shekhar,"Department of Computer Science & Engineering, University of Minnesota, MN, USA",research university
2503.23633,2025,Xinyue Ye,"Department of Landscape Architecture & Urban Planning and Center for Geospatial Sciences, Applications, & Technology, Texas A&M University, TX, USA",research university
2503.23633,2025,Grant McKenzie,"Platial Analysis Lab, Department of Geography, McGill University, Quebec, Canada",research university
2503.23633,2025,Guido Cervone,"Institute for Computational and Data Sciences and Department of Geography, The Pennsylvania State University, University Park, PA, USA",research university
2503.23633,2025,Michael E. Hodgson,"Department of Geography, University of South Carolina, SC, USA",research university
2502.11723,2025,Alireza Nik,"SimulaMet, Oslo, Norway",nonprofit research institute
2502.11723,2025,Michael A. Riegler,"Simula, Oslo, Norway",nonprofit research institute
2502.11723,2025,Pål Halvorsen,"SimulaMet, Oslo, Norway",nonprofit research institute
2502.01116,2025,Guanlin Li,Nanyang Technological University,research university
2502.01116,2025,Kangjie Chen,Nanyang Technological University,research university
2502.01116,2025,Shangwei Guo,Chongqing University,research university
2502.01116,2025,Jie Zhang,"CFAR, A*STAR",government research agency
2502.01116,2025,Han Qiu,Tsinghua University,research university
2502.01116,2025,Chao Zhang,Tsinghua University,research university
2502.01116,2025,Guoyin Wang,01.AI,AI company
2502.01116,2025,Tianwei Zhang,Nanyang Technological University,research university
2502.01116,2025,Jiwei Li,Zhejiang University,research university
2502.05608,2025,Emanuel Figetakis,"University of Guelph, Guelph, Ontario, Canada",research university
2502.05608,2025,Ahmed Refaey Hussein,"University of Guelph, Guelph, Ontario, Canada",research university
2503.08175,2025,Zitong Shi,"National Engineering Research Center for Multimedia Software, School of Computer Science, Wuhan University, China",research university
2503.08175,2025,Guancheng Wan,"National Engineering Research Center for Multimedia Software, School of Computer Science, Wuhan University, China",research university
2503.08175,2025,Wenke Huang,"National Engineering Research Center for Multimedia Software, School of Computer Science, Wuhan University, China",research university
2503.08175,2025,Guibin Zhang,"National University of Singapore, Singapore",research university
2503.08175,2025,Jiawei Shao,"Institute of Artificial Intelligence (TeleAI), China",industry research lab
2503.08175,2025,Mang Ye,"National Engineering Research Center for Multimedia Software, School of Computer Science, Wuhan University, China",research university
2503.08175,2025,Carl Yang,"Department of Computer Science, Emory University, USA",research university
2502.12048,2025,Shreya Shukla,"School of Information, The University of Texas at Austin, Austin, TX, USA",research university
2502.12048,2025,Jose Torres,"School of Information, The University of Texas at Austin, Austin, TX, USA",research university
2502.12048,2025,Akshaj Murhekar,"School of Information, The University of Texas at Austin, Austin, TX, USA",research university
2502.12048,2025,Christina Liu,"School of Information, The University of Texas at Austin, Austin, TX, USA",research university
2502.12048,2025,Abhijit Mishra,"School of Information, The University of Texas at Austin, Austin, TX, USA",research university
2502.12048,2025,Jacek Gwizdka,"School of Information, The University of Texas at Austin, Austin, TX, USA",research university
2502.12048,2025,Shounak Roychowdhury,"School of Information, The University of Texas at Austin, Austin, TX, USA",research university
