paper_id,year,extraction_method,stage1_response,ethics_substantive,ethics_justification,input_tokens_s1,output_tokens_s1,stage2_response,ethics_theme,theme_justification,input_tokens_s2,output_tokens_s2
1810.10102,2018,fallback_no_target_sections,"SCORE: 0
REASON: The paper focuses entirely on technical performance of machine learning models for travel time prediction, with no normative engagement with fairness, harm, accountability, or governance concerns.",0,"The paper focuses entirely on technical performance of machine learning models for travel time prediction, with no normative engagement with fairness, harm, accountability, or governance concerns.",1074,45,,,,0,0
1806.00938,2018,sections,"SCORE: 0
REASON: The paper focuses entirely on technical program synthesis methods for educational programming tasks, with no substantive engagement with ethical concerns such as fairness, harm, accountability, or governance.",0,"The paper focuses entirely on technical program synthesis methods for educational programming tasks, with no substantive engagement with ethical concerns such as fairness, harm, accountability, or governance.",571,46,,,,0,0
1807.04561,2018,fallback_no_target_sections,"SCORE: 0
REASON: The paper is entirely focused on technical AI planning and knowledge representation for manufacturing process automation, with no normative engagement with fairness, harm, accountability, or governance.",0,"The paper is entirely focused on technical AI planning and knowledge representation for manufacturing process automation, with no normative engagement with fairness, harm, accountability, or governance.",1581,45,,,,0,0
1802.03493,2018,sections,"SCORE: 0
REASON: The paper's mention of ethics is purely incidental (noting that deploying policies without performance estimates ""could be costly, unethical, or even illegal""), while the substantive content is entirely technical, focusing on variance reduction and statistical properties of off-policy evaluation estimators.",0,"The paper's mention of ethics is purely incidental (noting that deploying policies without performance estimates ""could be costly, unethical, or even illegal""), while the substantive content is entirely technical, focusing on variance reduction and statistical properties of off-policy evaluation estimators.",1259,68,,,,0,0
1809.04708,2018,sections,"SCORE: 0
REASON: The paper is purely technical, focusing on knowledge graph embedding and commonsense knowledge acquisition without any normative engagement with fairness, harm, accountability, or governance.",0,"The paper is purely technical, focusing on knowledge graph embedding and commonsense knowledge acquisition without any normative engagement with fairness, harm, accountability, or governance.",899,45,,,,0,0
1801.01705,2018,sections,"SCORE: 1
REASON: The paper substantively engages with AI ethics by examining normative concerns about fair access to information, accountability of algorithmic gatekeeping, intellectual privacy, and governance frameworks (codes of conduct) for ensuring algorithms align with human ethical values in archival and library contexts.",1,"The paper substantively engages with AI ethics by examining normative concerns about fair access to information, accountability of algorithmic gatekeeping, intellectual privacy, and governance frameworks (codes of conduct) for ensuring algorithms align with human ethical values in archival and library contexts.",1443,66,"CATEGORY: C
REASON: The paper primarily frames AI ethics through the lens of power asymmetries, equitable access to information, and structural inequalities in how algorithmic gatekeeping systems in archives and libraries affect communities and perpetuate or challenge existing social hierarchies.",C,"The paper primarily frames AI ethics through the lens of power asymmetries, equitable access to information, and structural inequalities in how algorithmic gatekeeping systems in archives and libraries affect communities and perpetuate or challenge existing social hierarchies.",1467,61
1810.06033,2018,sections,"SCORE: 0
REASON: The paper focuses entirely on technical methods for knowledge base completion using neural networks and path ranking, with no engagement with ethical concerns such as fairness, harm, accountability, or governance.",0,"The paper focuses entirely on technical methods for knowledge base completion using neural networks and path ranking, with no engagement with ethical concerns such as fairness, harm, accountability, or governance.",701,48,,,,0,0
1801.05644,2018,sections,"SCORE: 1
REASON: The paper substantively engages with ethics by grounding its decision-theoretic framework in normative concepts from Scanlon, Rawls, and Habermas—explicitly connecting fairness, justification, responsibility, and public acceptability to the design of decision support systems.",1,"The paper substantively engages with ethics by grounding its decision-theoretic framework in normative concepts from Scanlon, Rawls, and Habermas—explicitly connecting fairness, justification, responsibility, and public acceptability to the design of decision support systems.",964,70,"CATEGORY: A
REASON: The paper develops a technical decision-theoretic framework centered on ""deliberated judgments"" and reason-based choice to ground formal recommendations, engaging with fairness and justification primarily as structural properties within a formal/analytical methodology rather than as governance mechanisms or structural justice concerns.",A,"The paper develops a technical decision-theoretic framework centered on ""deliberated judgments"" and reason-based choice to ground formal recommendations, engaging with fairness and justification primarily as structural properties within a formal/analytical methodology rather than as governance mechanisms or structural justice concerns.",988,66
1801.03160,2018,sections,"SCORE: 1
REASON: The paper substantively engages with AI ethics by attempting to formalize and implement Kantian moral philosophy (the categorical imperative) in artificial agents, reflecting genuine normative concern about how AI should treat human beings.",1,"The paper substantively engages with AI ethics by attempting to formalize and implement Kantian moral philosophy (the categorical imperative) in artificial agents, reflecting genuine normative concern about how AI should treat human beings.",293,56,"CATEGORY: A
REASON: The paper focuses on the technical implementation of ethical constraints (Kant's categorical imperative) as formal computational rules for programming artificial agents, which falls within technical ethics and safety constraints.",A,"The paper focuses on the technical implementation of ethical constraints (Kant's categorical imperative) as formal computational rules for programming artificial agents, which falls within technical ethics and safety constraints.",317,47
1812.08597,2018,fallback_no_target_sections,"SCORE: 0
REASON: The paper focuses on classifying and describing levels of opacity/transparency in AI systems technically, without engaging in normative ethical concerns about fairness, harm, accountability, or justice.",0,"The paper focuses on classifying and describing levels of opacity/transparency in AI systems technically, without engaging in normative ethical concerns about fairness, harm, accountability, or justice.",562,48,,,,0,0
1808.03598,2018,sections,"SCORE: 0
REASON: The paper is entirely focused on theoretical computer science and computational models, with no substantive engagement with AI ethics topics such as fairness, harm, accountability, or governance.",0,"The paper is entirely focused on theoretical computer science and computational models, with no substantive engagement with AI ethics topics such as fairness, harm, accountability, or governance.",1070,46,,,,0,0
1810.06765,2018,sections,"SCORE: 0
REASON: While the paper discusses privacy laws, patient consent, and re-identification risks, these are treated as technical and regulatory constraints motivating the development of de-identification systems rather than as subjects of genuine normative ethical analysis.",0,"While the paper discusses privacy laws, patient consent, and re-identification risks, these are treated as technical and regulatory constraints motivating the development of de-identification systems rather than as subjects of genuine normative ethical analysis.",1115,56,,,,0,0
1811.11623,2018,sections,"SCORE: 1
REASON: Section 6 describes substantive accompanying ethical research that explicitly engages with normative questions about security vs. freedom, societal responsibility, and the right or wrong use of surveillance technology, going beyond mere technical performance considerations.",1,"Section 6 describes substantive accompanying ethical research that explicitly engages with normative questions about security vs. freedom, societal responsibility, and the right or wrong use of surveillance technology, going beyond mere technical performance considerations.",1197,57,"CATEGORY: B
REASON: The paper primarily frames AI ethics through institutional oversight, mandatory ethical research requirements tied to national funding programs, and governance mechanisms for the appropriate use of security surveillance technology by law enforcement agencies.",B,"The paper primarily frames AI ethics through institutional oversight, mandatory ethical research requirements tied to national funding programs, and governance mechanisms for the appropriate use of security surveillance technology by law enforcement agencies.",1221,47
1809.06481,2018,fallback_no_target_sections,"SCORE: 0
REASON: The paper focuses entirely on technical challenges of talent search and recommendation systems (indexing, ranking, query complexity, metrics), with only a passing mention of ""fairness modeling"" in an author bio rather than any substantive normative engagement with ethical concerns.",0,"The paper focuses entirely on technical challenges of talent search and recommendation systems (indexing, ranking, query complexity, metrics), with only a passing mention of ""fairness modeling"" in an author bio rather than any substantive normative engagement with ethical concerns.",1529,63,,,,0,0
1802.04181,2018,sections,"SCORE: 0
REASON: The paper focuses entirely on technical aspects of state representation learning for robotics—covering dimensionality reduction, feature learning, and reinforcement learning efficiency—with no substantive engagement with ethical concerns such as fairness, harm, accountability, or governance.",0,"The paper focuses entirely on technical aspects of state representation learning for robotics—covering dimensionality reduction, feature learning, and reinforcement learning efficiency—with no substantive engagement with ethical concerns such as fairness, harm, accountability, or governance.",1425,62,,,,0,0
1811.05106,2018,sections,"SCORE: 0
REASON: The paper focuses on technical interpretability of neural networks through question-asking mechanisms, with no substantive engagement with normative ethical concerns like fairness, harm, accountability, or governance.",0,"The paper focuses on technical interpretability of neural networks through question-asking mechanisms, with no substantive engagement with normative ethical concerns like fairness, harm, accountability, or governance.",482,49,,,,0,0
1808.04317,2018,fallback_no_target_sections,"SCORE: 0
REASON: The paper is entirely focused on technical game development algorithms (path generation for NPCs using Wave Function Collapse) with no engagement with ethical concerns such as fairness, harm, accountability, or governance.",0,"The paper is entirely focused on technical game development algorithms (path generation for NPCs using Wave Function Collapse) with no engagement with ethical concerns such as fairness, harm, accountability, or governance.",1756,52,,,,0,0
1812.11142,2018,fallback_empty_sections,"SCORE: 0
REASON: The paper focuses entirely on creating a diagrammatic language (DIAL) for representing AI system architectures, with mentions of ""interpretability"" and ""transparency"" used in a purely technical/communicative sense rather than engaging with normative ethical concerns.",0,"The paper focuses entirely on creating a diagrammatic language (DIAL) for representing AI system architectures, with mentions of ""interpretability"" and ""transparency"" used in a purely technical/communicative sense rather than engaging with normative ethical concerns.",1001,63,,,,0,0
1805.07547,2018,sections,"SCORE: 0
REASON: The paper focuses entirely on technical aspects of parameterized skill learning and autonomous goal discovery in robotics, with no engagement with ethical concerns such as fairness, harm, accountability, or governance.",0,"The paper focuses entirely on technical aspects of parameterized skill learning and autonomous goal discovery in robotics, with no engagement with ethical concerns such as fairness, harm, accountability, or governance.",948,51,,,,0,0
1804.10829,2018,sections,"SCORE: 0
REASON: The paper focuses on formal verification and technical security analysis of DNNs (collision avoidance, adversarial robustness) using interval arithmetic, without engaging in normative ethical discourse about fairness, accountability, justice, or governance.",0,"The paper focuses on formal verification and technical security analysis of DNNs (collision avoidance, adversarial robustness) using interval arithmetic, without engaging in normative ethical discourse about fairness, accountability, justice, or governance.",1617,61,,,,0,0
1806.03793,2018,sections,"SCORE: 0
REASON: The paper is entirely focused on technical improvements to reinforcement learning transfer efficiency, with no engagement with ethical concerns such as fairness, harm, accountability, or governance.",0,"The paper is entirely focused on technical improvements to reinforcement learning transfer efficiency, with no engagement with ethical concerns such as fairness, harm, accountability, or governance.",1072,45,,,,0,0
1809.08860,2018,sections,"SCORE: 0
REASON: The paper focuses entirely on technical performance metrics (prediction error, architectural complexity) for energy management systems, with no substantive engagement with ethical concepts like fairness, accountability, harm, or justice.",0,"The paper focuses entirely on technical performance metrics (prediction error, architectural complexity) for energy management systems, with no substantive engagement with ethical concepts like fairness, accountability, harm, or justice.",1043,51,,,,0,0
1810.05983,2018,sections,"SCORE: 0
REASON: The paper focuses entirely on technical methods for medical question similarity matching using LSTM, with no substantive engagement with ethical concerns such as fairness, harm, accountability, or governance.",0,"The paper focuses entirely on technical methods for medical question similarity matching using LSTM, with no substantive engagement with ethical concerns such as fairness, harm, accountability, or governance.",615,48,,,,0,0
1810.08460,2018,sections,"SCORE: 0
REASON: The paper focuses entirely on technical aspects of distributed multi-agent planning algorithms, with no normative engagement with fairness, harm, accountability, or governance concerns.",0,"The paper focuses entirely on technical aspects of distributed multi-agent planning algorithms, with no normative engagement with fairness, harm, accountability, or governance concerns.",1150,44,,,,0,0
1804.02257,2018,sections,"SCORE: 0
REASON: The paper focuses entirely on robotics, morphological development, and evolutionary algorithms for soft robots, with no engagement with normative ethical concerns such as fairness, harm, accountability, or governance.",0,"The paper focuses entirely on robotics, morphological development, and evolutionary algorithms for soft robots, with no engagement with normative ethical concerns such as fairness, harm, accountability, or governance.",866,51,,,,0,0
1806.10755,2018,sections,"SCORE: 0
REASON: The paper focuses entirely on technical aspects of semantic vector learning, incremental learning, and knowledge graph representations, with no engagement with ethical concerns such as fairness, harm, accountability, or governance.",0,"The paper focuses entirely on technical aspects of semantic vector learning, incremental learning, and knowledge graph representations, with no engagement with ethical concerns such as fairness, harm, accountability, or governance.",827,51,,,,0,0
1805.07733,2018,sections,"SCORE: 0
REASON: The paper focuses entirely on technical improvements to multi-agent communication efficiency and cooperation performance, with no substantive engagement with ethical concerns such as fairness, harm, accountability, or governance.",0,"The paper focuses entirely on technical improvements to multi-agent communication efficiency and cooperation performance, with no substantive engagement with ethical concerns such as fairness, harm, accountability, or governance.",657,49,,,,0,0
1805.06861,2018,sections,"SCORE: 0
REASON: The paper focuses entirely on technical contributions to Answer Set Programming for spatio-temporal reasoning, with no engagement with ethical concerns such as fairness, harm, accountability, or governance.",0,"The paper focuses entirely on technical contributions to Answer Set Programming for spatio-temporal reasoning, with no engagement with ethical concerns such as fairness, harm, accountability, or governance.",1178,48,,,,0,0
1810.07159,2018,sections,"SCORE: 0
REASON: The paper focuses entirely on the technical and infrastructural challenges of packaging, distributing, and deploying ML models, with no substantive engagement with ethical concerns such as fairness, harm, accountability, or governance.",0,"The paper focuses entirely on the technical and infrastructural challenges of packaging, distributing, and deploying ML models, with no substantive engagement with ethical concerns such as fairness, harm, accountability, or governance.",1371,55,,,,0,0
1804.05212,2018,sections,"SCORE: 0
REASON: The paper focuses entirely on technical optimization of question sequencing using multi-armed bandits and learning gains, with no substantive engagement with fairness, harm, accountability, or governance beyond a brief technical note about performance for weaker students.",0,"The paper focuses entirely on technical optimization of question sequencing using multi-armed bandits and learning gains, with no substantive engagement with fairness, harm, accountability, or governance beyond a brief technical note about performance for weaker students.",735,60,,,,0,0
1808.01741,2018,sections,"SCORE: 0
REASON: This paper is purely focused on logical semantics, ontological frameworks, and natural language processing theory, with no engagement with ethical concerns such as fairness, harm, accountability, or governance.",0,"This paper is purely focused on logical semantics, ontological frameworks, and natural language processing theory, with no engagement with ethical concerns such as fairness, harm, accountability, or governance.",752,50,,,,0,0
1812.02648,2018,sections,"SCORE: 0
REASON: The paper is entirely focused on technical aspects of deep reinforcement learning stability, specifically the ""deadly triad"" of divergence, with no engagement with normative ethical concerns such as fairness, harm, accountability, or governance.",0,"The paper is entirely focused on technical aspects of deep reinforcement learning stability, specifically the ""deadly triad"" of divergence, with no engagement with normative ethical concerns such as fairness, harm, accountability, or governance.",555,58,,,,0,0
1802.02534,2018,sections,"SCORE: 0
REASON: The paper is purely technical, focused on compiling eye-tracking datasets and evaluation metrics for visual saliency and scanpath prediction, with no engagement with ethical concerns such as fairness, harm, or governance.",0,"The paper is purely technical, focused on compiling eye-tracking datasets and evaluation metrics for visual saliency and scanpath prediction, with no engagement with ethical concerns such as fairness, harm, or governance.",676,55,,,,0,0
1801.01604,2018,sections,"SCORE: 0
REASON: The paper focuses entirely on technical contributions (unifying neural and probabilistic graph frameworks) with no substantive engagement with ethical concerns such as fairness, harm, accountability, or governance.",0,"The paper focuses entirely on technical contributions (unifying neural and probabilistic graph frameworks) with no substantive engagement with ethical concerns such as fairness, harm, accountability, or governance.",819,49,,,,0,0
1810.02612,2018,sections,"SCORE: 0
REASON: The paper is entirely focused on technical aspects of linear temporal logic, motion planning, and computational efficiency for autonomous vehicles, with no substantive normative engagement with fairness, harm, accountability, or governance.",0,"The paper is entirely focused on technical aspects of linear temporal logic, motion planning, and computational efficiency for autonomous vehicles, with no substantive normative engagement with fairness, harm, accountability, or governance.",1339,53,,,,0,0
1809.02317,2018,sections,"SCORE: 0
REASON: The paper focuses entirely on technical optimization of web service composition using QoS parameters, Pareto fronts, and algorithmic performance, with no normative engagement with fairness, harm, accountability, or governance.",0,"The paper focuses entirely on technical optimization of web service composition using QoS parameters, Pareto fronts, and algorithmic performance, with no normative engagement with fairness, harm, accountability, or governance.",1204,56,,,,0,0
1810.06617,2018,fallback_no_target_sections,"SCORE: 0
REASON: The paper is entirely focused on technical optimization of OWL reasoning performance using machine learning heuristics, with no engagement with ethical concerns such as fairness, harm, accountability, or governance.",0,"The paper is entirely focused on technical optimization of OWL reasoning performance using machine learning heuristics, with no engagement with ethical concerns such as fairness, harm, accountability, or governance.",1927,51,,,,0,0
1806.00201,2018,sections,"SCORE: 0
REASON: The paper focuses entirely on technical aspects of novelty search, curiosity-driven exploration, and attentional mechanisms in reinforcement learning, with no substantive engagement with ethical concerns such as fairness, harm, accountability, or governance.",0,"The paper focuses entirely on technical aspects of novelty search, curiosity-driven exploration, and attentional mechanisms in reinforcement learning, with no substantive engagement with ethical concerns such as fairness, harm, accountability, or governance.",1585,60,,,,0,0
1808.00981,2018,fallback_no_target_sections,"SCORE: 0
REASON: The paper focuses on improving the scientific accuracy of emotion recognition systems through user-dependent models and contextual analysis, without substantively engaging with ethical concerns about fairness, harm, accountability, or governance of such surveillance-capable technology.",0,"The paper focuses on improving the scientific accuracy of emotion recognition systems through user-dependent models and contextual analysis, without substantively engaging with ethical concerns about fairness, harm, accountability, or governance of such surveillance-capable technology.",609,58,,,,0,0
1805.09169,2018,sections,"SCORE: 0
REASON: The paper focuses entirely on technical methods (fuzzy set theory, soft set theory) for diagnosing dengue fever, with no engagement with normative ethical concerns such as fairness, harm, accountability, or governance.",0,"The paper focuses entirely on technical methods (fuzzy set theory, soft set theory) for diagnosing dengue fever, with no engagement with normative ethical concerns such as fairness, harm, accountability, or governance.",1532,57,,,,0,0
1803.09840,2018,sections,"SCORE: 0
REASON: The paper focuses entirely on technical performance metrics (precision, recall, F1) for ontological classification tasks using Linked Open Data, with no engagement with normative ethical concerns such as fairness, harm, accountability, or governance.",0,"The paper focuses entirely on technical performance metrics (precision, recall, F1) for ontological classification tasks using Linked Open Data, with no engagement with normative ethical concerns such as fairness, harm, accountability, or governance.",1569,59,,,,0,0
1811.12455,2018,sections,"SCORE: 0
REASON: The excerpt discusses bounded rationality concepts from economics without engaging in normative ethical concerns about fairness, harm, accountability, or governance in AI systems.",0,"The excerpt discusses bounded rationality concepts from economics without engaging in normative ethical concerns about fairness, harm, accountability, or governance in AI systems.",218,42,,,,0,0
1809.05724,2018,fallback_no_target_sections,"SCORE: 0
REASON: This paper focuses entirely on technical NLP tasks (natural language inference, question answering, knowledge graph integration) with no substantive engagement with ethical concerns such as fairness, harm, accountability, or governance.",0,"This paper focuses entirely on technical NLP tasks (natural language inference, question answering, knowledge graph integration) with no substantive engagement with ethical concerns such as fairness, harm, accountability, or governance.",2387,54,,,,0,0
1809.07027,2018,sections,"SCORE: 1
REASON: The paper substantively engages with AI ethics by treating fairness, values, accountability, and governance as genuine normative concerns requiring philosophical conceptualization and practical implementation frameworks, rather than merely as technical performance metrics.",1,"The paper substantively engages with AI ethics by treating fairness, values, accountability, and governance as genuine normative concerns requiring philosophical conceptualization and practical implementation frameworks, rather than merely as technical performance metrics.",1386,55,"CATEGORY: B
REASON: The paper conducts a systematic mapping study to identify and categorize concepts in AI ethics discourse, framing ethics implementation as a matter of establishing frameworks, definitions, and guiding structures for the field—aligning with governance and oversight concerns rather than technical methods or justice-oriented critique.",B,"The paper conducts a systematic mapping study to identify and categorize concepts in AI ethics discourse, framing ethics implementation as a matter of establishing frameworks, definitions, and guiding structures for the field—aligning with governance and oversight concerns rather than technical methods or justice-oriented critique.",1410,68
1802.06767,2018,fallback_no_target_sections,"SCORE: 0
REASON: The paper is purely technical, focusing on the architecture of an ontology-driven intelligent software system and knowledge base construction, with no engagement with ethical concerns such as fairness, harm, accountability, or governance.",0,"The paper is purely technical, focusing on the architecture of an ontology-driven intelligent software system and knowledge base construction, with no engagement with ethical concerns such as fairness, harm, accountability, or governance.",1014,54,,,,0,0
1812.08957,2018,sections,"SCORE: 0
REASON: The paper is purely technical, focusing on the theoretical expressiveness and integration of Bayesian networks and neural networks, with no normative engagement with fairness, harm, accountability, or governance.",0,"The paper is purely technical, focusing on the theoretical expressiveness and integration of Bayesian networks and neural networks, with no normative engagement with fairness, harm, accountability, or governance.",1065,51,,,,0,0
1809.03260,2018,fallback_no_target_sections,"SCORE: 1
REASON: The paper substantively engages with AI ethics by addressing individual discrimination and fairness in AI decision-making systems (e.g., hiring, loans), framing bias detection as a genuine normative concern about preventing unjust differential treatment based on protected attributes like gender and race.",1,"The paper substantively engages with AI ethics by addressing individual discrimination and fairness in AI decision-making systems (e.g., hiring, loans), framing bias detection as a genuine normative concern about preventing unjust differential treatment based on protected attributes like gender and race.",1969,69,"CATEGORY: A
REASON: The paper presents a technical method combining symbolic execution and local explainability to automatically generate test cases for detecting individual discrimination (fairness testing) in AI models.",A,The paper presents a technical method combining symbolic execution and local explainability to automatically generate test cases for detecting individual discrimination (fairness testing) in AI models.,1993,43
1806.01151,2018,sections,"SCORE: 0
REASON: The paper focuses entirely on technical metrics for analyzing game-playing agent decision-making behavior, with no engagement with normative ethical concerns such as fairness, harm, accountability, or governance.",0,"The paper focuses entirely on technical metrics for analyzing game-playing agent decision-making behavior, with no engagement with normative ethical concerns such as fairness, harm, accountability, or governance.",1450,50,,,,0,0
1806.05108,2018,sections,"SCORE: 0
REASON: The paper is entirely focused on mathematical and computational techniques for cellular automata, reservoir computing, and distributed computation, with no substantive normative engagement with fairness, harm, accountability, or governance—only a brief passing mention of AI interpretability as a technical problem.",0,"The paper is entirely focused on mathematical and computational techniques for cellular automata, reservoir computing, and distributed computation, with no substantive normative engagement with fairness, harm, accountability, or governance—only a brief passing mention of AI interpretability as a technical problem.",1489,66,,,,0,0
1803.05402,2018,fallback_no_target_sections,"SCORE: 0
REASON: The paper focuses entirely on technical improvements to deep reinforcement learning architectures for game-playing agents, with no engagement with ethical concerns such as fairness, harm, accountability, or governance.",0,"The paper focuses entirely on technical improvements to deep reinforcement learning architectures for game-playing agents, with no engagement with ethical concerns such as fairness, harm, accountability, or governance.",1874,50,,,,0,0
1909.01421,2019,sections,"SCORE: 0
REASON: The paper focuses on technical sequence mining, process mining, and grammar inference methodologies with no substantive normative engagement with fairness, harm, accountability, or justice.",0,"The paper focuses on technical sequence mining, process mining, and grammar inference methodologies with no substantive normative engagement with fairness, harm, accountability, or justice.",1433,46,,,,0,0
1907.05553,2019,sections,"SCORE: 0
REASON: The paper focuses entirely on technical aspects of robot control, deep learning, and cognitive modeling for autonomous navigation, with no engagement with ethical concerns such as fairness, harm, accountability, or governance.",0,"The paper focuses entirely on technical aspects of robot control, deep learning, and cognitive modeling for autonomous navigation, with no engagement with ethical concerns such as fairness, harm, accountability, or governance.",1116,51,,,,0,0
1910.09472,2019,sections,"SCORE: 0
REASON: The paper focuses entirely on technical contributions combining Answer Set Programming and Artificial Neural Networks for neurological disorder analysis, with no substantive engagement with fairness, harm, accountability, or governance concerns.",0,"The paper focuses entirely on technical contributions combining Answer Set Programming and Artificial Neural Networks for neurological disorder analysis, with no substantive engagement with fairness, harm, accountability, or governance concerns.",1589,51,,,,0,0
1903.05614,2019,sections,"SCORE: 0
REASON: The paper is purely technical, focusing on game-theoretic equilibrium-finding algorithms and exploitability metrics with no engagement with normative ethical concerns about fairness, harm, accountability, or governance.",0,"The paper is purely technical, focusing on game-theoretic equilibrium-finding algorithms and exploitability metrics with no engagement with normative ethical concerns about fairness, harm, accountability, or governance.",723,53,,,,0,0
1908.01417,2019,fallback_no_target_sections,"SCORE: 0
REASON: The paper focuses entirely on technical optimization of game parameters using active learning, with no engagement with normative concerns about fairness, harm, accountability, or governance.",0,"The paper focuses entirely on technical optimization of game parameters using active learning, with no engagement with normative concerns about fairness, harm, accountability, or governance.",1688,44,,,,0,0
1902.09706,2019,sections,"SCORE: 0
REASON: The paper is entirely focused on technical aspects of SAT formula generation and solver benchmarking, with no engagement with normative ethical concerns such as fairness, harm, accountability, or governance.",0,"The paper is entirely focused on technical aspects of SAT formula generation and solver benchmarking, with no engagement with normative ethical concerns such as fairness, harm, accountability, or governance.",1935,51,,,,0,0
1909.09213,2019,fallback_empty_sections,"SCORE: 0
REASON: The paper focuses entirely on technical aspects of parallel constraint solving using GPU acceleration, with no engagement with ethical concerns such as fairness, harm, accountability, or governance.",0,"The paper focuses entirely on technical aspects of parallel constraint solving using GPU acceleration, with no engagement with ethical concerns such as fairness, harm, accountability, or governance.",699,45,,,,0,0
1903.07198,2019,sections,"SCORE: 1
REASON: The paper substantively engages with ethics by explicitly acknowledging the ""troubling similarities"" between explanation mechanisms and deception/lies, raising a genuine normative concern about honesty and manipulation in human-AI interaction.",1,"The paper substantively engages with ethics by explicitly acknowledging the ""troubling similarities"" between explanation mechanisms and deception/lies, raising a genuine normative concern about honesty and manipulation in human-AI interaction.",710,56,"CATEGORY: A
REASON: The paper focuses on technical mechanisms for generating model reconciliation explanations in AI systems, including learning user models, POMDP formulations, and the computational challenges of producing helpful explanatory messages.",A,"The paper focuses on technical mechanisms for generating model reconciliation explanations in AI systems, including learning user models, POMDP formulations, and the computational challenges of producing helpful explanatory messages.",734,51
1910.13526,2019,sections,"SCORE: 0
REASON: The paper's concern with ""safety"" is purely technical—focused on collision avoidance and formal verification of physical constraints—with no normative engagement with fairness, harm to persons, accountability, justice, or governance.",0,"The paper's concern with ""safety"" is purely technical—focused on collision avoidance and formal verification of physical constraints—with no normative engagement with fairness, harm to persons, accountability, justice, or governance.",1148,57,,,,0,0
1905.13178,2019,sections,"SCORE: 0
REASON: The paper discusses AI governance, safety, and societal integration at a high level using historical analogies, but it does not engage substantively with normative ethical concepts like fairness, accountability, justice, or harm—it treats these concerns primarily as policy/regulatory milestones rather than exploring their ethical dimensions.",0,"The paper discusses AI governance, safety, and societal integration at a high level using historical analogies, but it does not engage substantively with normative ethical concepts like fairness, accountability, justice, or harm—it treats these concerns primarily as policy/regulatory milestones rather than exploring their ethical dimensions.",1298,75,,,,0,0
1902.09335,2019,sections,"SCORE: 0
REASON: The paper focuses entirely on technical improvements to Monte Carlo Tree Search for game playing, with no engagement with ethical concepts such as fairness, harm, accountability, or governance.",0,"The paper focuses entirely on technical improvements to Monte Carlo Tree Search for game playing, with no engagement with ethical concepts such as fairness, harm, accountability, or governance.",2044,46,,,,0,0
1909.07116,2019,sections,"SCORE: 0
REASON: The paper focuses entirely on technical performance metrics related to temperature control and energy consumption, with no engagement with ethical concepts such as fairness, harm, accountability, or governance.",0,"The paper focuses entirely on technical performance metrics related to temperature control and energy consumption, with no engagement with ethical concepts such as fairness, harm, accountability, or governance.",250,46,,,,0,0
1905.11474,2019,sections,"SCORE: 0
REASON: While the paper references ethics-adjacent concepts like bias, accountability, and the ""right of explanation"" in passing, its actual contribution is a technical method for improving model explainability and interpretability in bankruptcy prediction, with no substantive normative analysis of fairness, harm, or justice.",0,"While the paper references ethics-adjacent concepts like bias, accountability, and the ""right of explanation"" in passing, its actual contribution is a technical method for improving model explainability and interpretability in bankruptcy prediction, with no substantive normative analysis of fairness, harm, or justice.",1434,71,,,,0,0
1906.06251,2019,sections,"SCORE: 0
REASON: This paper is entirely technical, focusing on SAT solving algorithms and mathematical problem encodings with no normative ethical concerns about fairness, harm, accountability, or governance.",0,"This paper is entirely technical, focusing on SAT solving algorithms and mathematical problem encodings with no normative ethical concerns about fairness, harm, accountability, or governance.",860,46,,,,0,0
1907.04659,2019,sections,"SCORE: 0
REASON: The paper appears to engage with AI and intelligence from a philosophical and technical definitional perspective (drawing on reinforcement learning, evolution, and cognitive science), without substantive normative concern for fairness, harm, accountability, or governance.",0,"The paper appears to engage with AI and intelligence from a philosophical and technical definitional perspective (drawing on reinforcement learning, evolution, and cognitive science), without substantive normative concern for fairness, harm, accountability, or governance.",596,59,,,,0,0
1901.01970,2019,sections,"SCORE: 0
REASON: The paper focuses entirely on mathematical modeling of time preference, discounting functions, and prospect theory without engaging with normative ethical concerns about fairness, harm, accountability, or governance.",0,"The paper focuses entirely on mathematical modeling of time preference, discounting functions, and prospect theory without engaging with normative ethical concerns about fairness, harm, accountability, or governance.",675,48,,,,0,0
1903.03411,2019,sections,"SCORE: 0
REASON: The paper is purely technical, focused on combining Answer Set Programming with Reinforcement Learning to solve spatial puzzles, with no engagement with ethical issues such as fairness, harm, accountability, or governance.",0,"The paper is purely technical, focused on combining Answer Set Programming with Reinforcement Learning to solve spatial puzzles, with no engagement with ethical issues such as fairness, harm, accountability, or governance.",1375,53,,,,0,0
1910.00057,2019,sections,"SCORE: 1
REASON: The paper substantively engages with AI ethics by addressing fairness and transparency in high-stakes algorithmic decision-making (mortgage, healthcare, criminal risk assessment) and focusing on providing actionable recourse to affected individuals, reflecting genuine normative concern about accountability and harm.",1,"The paper substantively engages with AI ethics by addressing fairness and transparency in high-stakes algorithmic decision-making (mortgage, healthcare, criminal risk assessment) and focusing on providing actionable recourse to affected individuals, reflecting genuine normative concern about accountability and harm.",614,67,"CATEGORY: A
REASON: The paper focuses on a technical method for generating actionable algorithmic recourse through optimization and search-based techniques to change model classifications, which aligns with technical AI ethics approaches.",A,"The paper focuses on a technical method for generating actionable algorithmic recourse through optimization and search-based techniques to change model classifications, which aligns with technical AI ethics approaches.",638,47
1909.00885,2019,sections,"SCORE: 0
REASON: The paper focuses entirely on technical decision-making efficiency, belief-space approximations, and algorithmic guarantees, with no normative engagement with fairness, harm, accountability, or governance.",0,"The paper focuses entirely on technical decision-making efficiency, belief-space approximations, and algorithmic guarantees, with no normative engagement with fairness, harm, accountability, or governance.",985,51,,,,0,0
1906.01747,2019,sections,"SCORE: 1
REASON: The paper substantively engages with AI ethics by explicitly addressing fairness for demographic groups, referencing legal compliance (Title VII), identifying ""in-group fairness"" as a normative concern to prevent disadvantaged groups from being disproportionately harmed by diversity constraints, and framing the research around justice-oriented goals beyond mere technical performance.",1,"The paper substantively engages with AI ethics by explicitly addressing fairness for demographic groups, referencing legal compliance (Title VII), identifying ""in-group fairness"" as a normative concern to prevent disadvantaged groups from being disproportionately harmed by diversity constraints, and framing the research around justice-oriented goals beyond mere technical performance.",1859,84,"CATEGORY: A
REASON: The paper primarily develops and evaluates technical fairness metrics (in-group fairness measures) and optimization algorithms with diversity constraints for set selection and ranking problems.",A,The paper primarily develops and evaluates technical fairness metrics (in-group fairness measures) and optimization algorithms with diversity constraints for set selection and ranking problems.,1883,43
1907.09273,2019,sections,"SCORE: 0
REASON: The paper focuses entirely on technical research infrastructure for a Minecraft-based NLU assistant, with no substantive engagement with ethical concerns such as fairness, harm, accountability, or governance.",0,"The paper focuses entirely on technical research infrastructure for a Minecraft-based NLU assistant, with no substantive engagement with ethical concerns such as fairness, harm, accountability, or governance.",1092,51,,,,0,0
1905.07028,2019,sections,"SCORE: 0
REASON: The paper is entirely focused on the technical problem of synthesizing finite-state controllers with soundness and completeness guarantees, with no engagement with normative ethical concerns such as fairness, harm, accountability, or governance.",0,"The paper is entirely focused on the technical problem of synthesizing finite-state controllers with soundness and completeness guarantees, with no engagement with normative ethical concerns such as fairness, harm, accountability, or governance.",1019,57,,,,0,0
1908.07651,2019,sections,"SCORE: 0
REASON: The paper describes a technical expert system for cadet evaluation with no substantive engagement with ethical concerns such as fairness, accountability, or harm.",0,"The paper describes a technical expert system for cadet evaluation with no substantive engagement with ethical concerns such as fairness, accountability, or harm.",338,41,,,,0,0
1905.07030,2019,sections,"SCORE: 0
REASON: The paper's discussion of ""explainability"" is framed purely in technical terms (data efficiency, task-level interpretability, system performance) without engaging in normative ethical concerns about fairness, harm, accountability, or governance.",0,"The paper's discussion of ""explainability"" is framed purely in technical terms (data efficiency, task-level interpretability, system performance) without engaging in normative ethical concerns about fairness, harm, accountability, or governance.",647,60,,,,0,0
1907.07631,2019,sections,"SCORE: 0
REASON: The paper is purely technical, focused on multi-agent path finding algorithms (SMT-CBS) with no engagement with ethical concerns such as fairness, harm, accountability, or governance.",0,"The paper is purely technical, focused on multi-agent path finding algorithms (SMT-CBS) with no engagement with ethical concerns such as fairness, harm, accountability, or governance.",494,50,,,,0,0
1911.07318,2019,fallback_no_target_sections,"SCORE: 0
REASON: The paper focuses entirely on technical algorithms for robustness envelopes in automated planning and scheduling, with no engagement with normative ethical concerns such as fairness, harm, accountability, or governance.",0,"The paper focuses entirely on technical algorithms for robustness envelopes in automated planning and scheduling, with no engagement with normative ethical concerns such as fairness, harm, accountability, or governance.",1970,52,,,,0,0
1908.05145,2019,sections,"SCORE: 0
REASON: The paper is entirely focused on mathematical and logical frameworks (Dempster-Shafer theory, Formal Concept Analysis, Rough Set Theory) for reasoning under uncertainty, with no normative engagement with fairness, harm, accountability, or governance.",0,"The paper is entirely focused on mathematical and logical frameworks (Dempster-Shafer theory, Formal Concept Analysis, Rough Set Theory) for reasoning under uncertainty, with no normative engagement with fairness, harm, accountability, or governance.",701,65,,,,0,0
1901.10405,2019,sections,"SCORE: 0
REASON: The paper focuses entirely on technical contributions in reinforcement learning and planning algorithms, with no engagement with normative ethical concerns such as fairness, harm, accountability, or governance.",0,"The paper focuses entirely on technical contributions in reinforcement learning and planning algorithms, with no engagement with normative ethical concerns such as fairness, harm, accountability, or governance.",317,47,,,,0,0
1909.04386,2019,sections,"SCORE: 1
REASON: The paper substantively engages with AI ethics by directly addressing digital discrimination, fairness, and the normative concern that AI systems must respect human values and avoid unfair treatment based on protected characteristics like gender, ethnicity, and religion.",1,"The paper substantively engages with AI ethics by directly addressing digital discrimination, fairness, and the normative concern that AI systems must respect human values and avoid unfair treatment based on protected characteristics like gender, ethnicity, and religion.",726,60,"CATEGORY: A
REASON: The paper focuses on detecting and measuring digital discrimination and bias in AI systems through technical analysis of language corpora, framing the problem primarily in terms of fairness metrics and bias assessment methods.",A,"The paper focuses on detecting and measuring digital discrimination and bias in AI systems through technical analysis of language corpora, framing the problem primarily in terms of fairness metrics and bias assessment methods.",750,49
1911.05499,2019,sections,"SCORE: 0
REASON: The paper is purely technical, focused on proposing a standardized description language for hierarchical planning problems, with no engagement with ethical concerns such as fairness, harm, accountability, or governance.",0,"The paper is purely technical, focused on proposing a standardized description language for hierarchical planning problems, with no engagement with ethical concerns such as fairness, harm, accountability, or governance.",900,51,,,,0,0
1907.09468,2019,sections,"SCORE: 0
REASON: The paper focuses entirely on mathematical optimization techniques (robust minimum-cost flow problems, NP-hardness, heuristics) with no engagement with normative ethical concerns such as fairness, harm, accountability, or governance.",0,"The paper focuses entirely on mathematical optimization techniques (robust minimum-cost flow problems, NP-hardness, heuristics) with no engagement with normative ethical concerns such as fairness, harm, accountability, or governance.",1563,58,,,,0,0
1902.09835,2019,sections,"SCORE: 0
REASON: The paper focuses entirely on technical improvements to reinforcement learning (interpretability, sample efficiency, transferability) using logic programs, with no substantive engagement with ethical concerns such as fairness, harm, accountability, or governance.",0,"The paper focuses entirely on technical improvements to reinforcement learning (interpretability, sample efficiency, transferability) using logic programs, with no substantive engagement with ethical concerns such as fairness, harm, accountability, or governance.",521,57,,,,0,0
1908.06183,2019,sections,"SCORE: 0
REASON: The paper is entirely focused on algorithmic approaches to the Mastermind game with no engagement with ethical concerns about fairness, harm, accountability, or governance.",0,"The paper is entirely focused on algorithmic approaches to the Mastermind game with no engagement with ethical concerns about fairness, harm, accountability, or governance.",608,45,,,,0,0
1904.07366,2019,sections,"SCORE: 0
REASON: The paper focuses entirely on technical planning and scheduling algorithms (vehicle routing, timeline-based planners, hybrid planners) with no substantive engagement with ethical concerns about fairness, harm, accountability, or governance.",0,"The paper focuses entirely on technical planning and scheduling algorithms (vehicle routing, timeline-based planners, hybrid planners) with no substantive engagement with ethical concerns about fairness, harm, accountability, or governance.",370,55,,,,0,0
1902.10119,2019,fallback_no_target_sections,"SCORE: 0
REASON: The paper focuses entirely on technical methods for causal inference and transfer learning in configurable software systems, with no normative engagement with fairness, harm, accountability, or governance.",0,"The paper focuses entirely on technical methods for causal inference and transfer learning in configurable software systems, with no normative engagement with fairness, harm, accountability, or governance.",2111,48,,,,0,0
1902.02279,2019,fallback_no_target_sections,"SCORE: 0
REASON: The paper focuses entirely on technical decision-making under uncertainty using causal graphical models and expected utility maximization, with mentions of interpretability and explainability framed as technical benefits rather than as normative ethical concerns about fairness, harm, or accountability.",0,"The paper focuses entirely on technical decision-making under uncertainty using causal graphical models and expected utility maximization, with mentions of interpretability and explainability framed as technical benefits rather than as normative ethical concerns about fairness, harm, or accountability.",1760,65,,,,0,0
1903.09569,2019,sections,"SCORE: 0
REASON: The paper focuses entirely on reinforcement learning algorithms for imperfect-information games with no engagement with ethical concerns such as fairness, harm, accountability, or governance.",0,"The paper focuses entirely on reinforcement learning algorithms for imperfect-information games with no engagement with ethical concerns such as fairness, harm, accountability, or governance.",326,46,,,,0,0
1912.09644,2019,fallback_no_target_sections,"SCORE: 0
REASON: The paper focuses entirely on game-theoretic modeling of blockchain consensus (Nash equilibria, fault tolerance, utility maximization) with no normative engagement with fairness, harm, accountability, or governance concerns.",0,"The paper focuses entirely on game-theoretic modeling of blockchain consensus (Nash equilibria, fault tolerance, utility maximization) with no normative engagement with fairness, harm, accountability, or governance concerns.",1371,54,,,,0,0
1909.01128,2019,sections,"SCORE: 0
REASON: The paper is purely technical, focusing on encoding qualitative constraint networks in answer set programming for spatial-temporal reasoning, with no engagement with ethical concerns such as fairness, harm, accountability, or governance.",0,"The paper is purely technical, focusing on encoding qualitative constraint networks in answer set programming for spatial-temporal reasoning, with no engagement with ethical concerns such as fairness, harm, accountability, or governance.",739,53,,,,0,0
1902.10178,2019,sections,"SCORE: 0
REASON: While the paper briefly mentions fairness, accountability, and GDPR in passing, its core focus is technical—developing explainability methods (SpRAy) to detect dataset artifacts and undesired model behaviors—without substantive normative analysis of ethical concerns.",0,"While the paper briefly mentions fairness, accountability, and GDPR in passing, its core focus is technical—developing explainability methods (SpRAy) to detect dataset artifacts and undesired model behaviors—without substantive normative analysis of ethical concerns.",1540,66,,,,0,0
1908.10258,2019,sections,"SCORE: 0
REASON: The paper focuses on technical game-theoretic mechanisms for eliciting truthful information in blockchain oracles, with no substantive normative engagement with fairness, harm, accountability, or justice beyond technical trustworthiness and incentive design.",0,"The paper focuses on technical game-theoretic mechanisms for eliciting truthful information in blockchain oracles, with no substantive normative engagement with fairness, harm, accountability, or justice beyond technical trustworthiness and incentive design.",1114,62,,,,0,0
1904.09837,2019,sections,"SCORE: 0
REASON: The paper excerpt discusses multi-criteria goal programming (MCGP) and procurement planning optimization, with no substantive engagement with AI ethics concepts like fairness, harm, accountability, or governance.",0,"The paper excerpt discusses multi-criteria goal programming (MCGP) and procurement planning optimization, with no substantive engagement with AI ethics concepts like fairness, harm, accountability, or governance.",233,52,,,,0,0
1909.08252,2019,sections,"SCORE: 0
REASON: The paper is focused entirely on technical performance optimization for Answer Set Programming solvers, with no engagement with ethical concerns such as fairness, harm, accountability, or governance.",0,"The paper is focused entirely on technical performance optimization for Answer Set Programming solvers, with no engagement with ethical concerns such as fairness, harm, accountability, or governance.",617,46,,,,0,0
1907.12495,2019,sections,"SCORE: 0
REASON: The paper is purely technical, focusing on memory-efficient Datalog query evaluation and ontology-based query answering, with no engagement with ethical concerns such as fairness, harm, accountability, or governance.",0,"The paper is purely technical, focusing on memory-efficient Datalog query evaluation and ontology-based query answering, with no engagement with ethical concerns such as fairness, harm, accountability, or governance.",1062,55,,,,0,0
1911.04766,2019,sections,"SCORE: 0
REASON: The paper is entirely focused on project scheduling optimization using constraint programming and metaheuristics, with no engagement with ethical concerns such as fairness, harm, accountability, or governance.",0,"The paper is entirely focused on project scheduling optimization using constraint programming and metaheuristics, with no engagement with ethical concerns such as fairness, harm, accountability, or governance.",396,48,,,,0,0
1909.04309,2019,sections,"SCORE: 0
REASON: The paper focuses entirely on technical methods for synthesizing Boolean Networks to model biological systems, with no engagement with ethical concerns about fairness, harm, accountability, or governance.",0,"The paper focuses entirely on technical methods for synthesizing Boolean Networks to model biological systems, with no engagement with ethical concerns about fairness, harm, accountability, or governance.",941,46,,,,0,0
1911.01156,2019,missing,"SCORE: 0
REASON: No paper content was provided to evaluate for ethical engagement.",0,No paper content was provided to evaluate for ethical engagement.,167,23,,,,0,0
1903.08772,2019,sections,"SCORE: 0
REASON: The paper focuses entirely on technical architecture, interpretability, and performance considerations, with no substantive engagement with ethical concerns such as fairness, harm, accountability, or governance.",0,"The paper focuses entirely on technical architecture, interpretability, and performance considerations, with no substantive engagement with ethical concerns such as fairness, harm, accountability, or governance.",956,47,,,,0,0
1911.00449,2019,sections,"SCORE: 0
REASON: The paper focuses entirely on technical clustering analysis and business marketing strategy, with no engagement with ethical concerns about fairness, harm, accountability, or governance.",0,"The paper focuses entirely on technical clustering analysis and business marketing strategy, with no engagement with ethical concerns about fairness, harm, accountability, or governance.",599,42,,,,0,0
1904.11694,2019,sections,"SCORE: 0
REASON: The paper focuses entirely on technical aspects of neural-symbolic architectures, logic learning, and generalization, with no substantive normative engagement with fairness, harm, accountability, or governance.",0,"The paper focuses entirely on technical aspects of neural-symbolic architectures, logic learning, and generalization, with no substantive normative engagement with fairness, harm, accountability, or governance.",1377,51,,,,0,0
2012.07827,2020,sections,"SCORE: 0
REASON: The paper is entirely focused on technical improvements to reinforcement learning skill discovery methods, with no engagement with normative ethical concerns such as fairness, harm, accountability, or governance.",0,"The paper is entirely focused on technical improvements to reinforcement learning skill discovery methods, with no engagement with normative ethical concerns such as fairness, harm, accountability, or governance.",1687,48,,,,0,0
2005.14664,2020,sections,"SCORE: 0
REASON: The paper is entirely focused on technical methods for automated mathematical conjecture generation using neural networks and has no engagement with ethical concerns such as fairness, harm, accountability, or governance.",0,"The paper is entirely focused on technical methods for automated mathematical conjecture generation using neural networks and has no engagement with ethical concerns such as fairness, harm, accountability, or governance.",710,48,,,,0,0
2009.09263,2020,sections,"SCORE: 0
REASON: The paper focuses entirely on technical methods for commonsense knowledge graph completion (embeddings, GNNs, inductive learning) with no normative engagement with fairness, harm, accountability, or governance.",0,"The paper focuses entirely on technical methods for commonsense knowledge graph completion (embeddings, GNNs, inductive learning) with no normative engagement with fairness, harm, accountability, or governance.",638,55,,,,0,0
2007.04933,2020,sections,"SCORE: 0
REASON: The paper focuses on software architecture design for social robotics, addressing technical concerns like extensibility, interoperability, and customizability, with no substantive normative engagement with fairness, harm, accountability, or justice.",0,"The paper focuses on software architecture design for social robotics, addressing technical concerns like extensibility, interoperability, and customizability, with no substantive normative engagement with fairness, harm, accountability, or justice.",404,58,,,,0,0
2008.05131,2020,sections,"SCORE: 0
REASON: The paper focuses entirely on technical game AI challenges (round-based reasoning, weapon purchase prediction, sequence modeling) with no substantive engagement with ethical concerns like fairness, harm, accountability, or governance.",0,"The paper focuses entirely on technical game AI challenges (round-based reasoning, weapon purchase prediction, sequence modeling) with no substantive engagement with ethical concerns like fairness, harm, accountability, or governance.",1095,53,,,,0,0
2011.09967,2020,sections,"SCORE: 0
REASON: The paper focuses entirely on technical optimization of EV charging infrastructure placement using computational methods (genetic algorithms, optimal power flow), with no normative engagement with fairness, harm, accountability, or governance concerns.",0,"The paper focuses entirely on technical optimization of EV charging infrastructure placement using computational methods (genetic algorithms, optimal power flow), with no normative engagement with fairness, harm, accountability, or governance concerns.",954,53,,,,0,0
2010.10724,2020,sections,"SCORE: 0
REASON: The paper mentions fairness, robustness, and trojan attacks only as application benchmarks for a discrete integration algorithm, treating them as technical problem instances rather than engaging with their normative or ethical dimensions.",0,"The paper mentions fairness, robustness, and trojan attacks only as application benchmarks for a discrete integration algorithm, treating them as technical problem instances rather than engaging with their normative or ethical dimensions.",1159,54,,,,0,0
2010.13482,2020,sections,"SCORE: 0
REASON: The paper is entirely focused on a mathematical formalization of ""understanding"" for AI and natural sciences, with no engagement with normative ethical concerns such as fairness, harm, accountability, or governance.",0,"The paper is entirely focused on a mathematical formalization of ""understanding"" for AI and natural sciences, with no engagement with normative ethical concerns such as fairness, harm, accountability, or governance.",1132,52,,,,0,0
2003.05856,2020,sections,"SCORE: 1
REASON: The Broader Impact section substantively engages with ethical concerns around fairness and harm, explicitly discussing how differential forgetting in healthcare AI could inequitably affect diagnostic accuracy across patient populations and calling for research at the intersection of continual learning and fairness before safe deployment.",1,"The Broader Impact section substantively engages with ethical concerns around fairness and harm, explicitly discussing how differential forgetting in healthcare AI could inequitably affect diagnostic accuracy across patient populations and calling for research at the intersection of continual learning and fairness before safe deployment.",885,66,"CATEGORY: A
REASON: The paper primarily focuses on technical machine learning methodology—specifically continual learning algorithms, catastrophic forgetting, and adaptation mechanisms—with ethics mentioned only briefly in the Broader Impact section as a secondary consideration around fairness and safety of deployment.",A,"The paper primarily focuses on technical machine learning methodology—specifically continual learning algorithms, catastrophic forgetting, and adaptation mechanisms—with ethics mentioned only briefly in the Broader Impact section as a secondary consideration around fairness and safety of deployment.",909,59
2012.04218,2020,sections,"SCORE: 0
REASON: The paper focuses on technical evaluation metrics for explainability in predictive process analytics, with no substantive engagement with normative ethical concerns like fairness, harm, accountability, or justice.",0,"The paper focuses on technical evaluation metrics for explainability in predictive process analytics, with no substantive engagement with normative ethical concerns like fairness, harm, accountability, or justice.",622,50,,,,0,0
2011.07751,2020,fallback_empty_sections,"SCORE: 0
REASON: This paper focuses on knowledge graph completion and embedding techniques, with no substantive engagement with AI ethics, fairness, harm, or governance concerns.",0,"This paper focuses on knowledge graph completion and embedding techniques, with no substantive engagement with AI ethics, fairness, harm, or governance concerns.",314,41,,,,0,0
2008.07372,2020,sections,"SCORE: 0
REASON: The paper focuses entirely on optimization algorithms for car-sharing logistics (MIP formulations, heuristics, computational performance), with no substantive engagement with ethical concerns such as fairness, harm, accountability, or governance.",0,"The paper focuses entirely on optimization algorithms for car-sharing logistics (MIP formulations, heuristics, computational performance), with no substantive engagement with ethical concerns such as fairness, harm, accountability, or governance.",663,57,,,,0,0
2007.05402,2020,fallback_no_target_sections,"SCORE: 0
REASON: The paper focuses entirely on optimizing financial portfolio performance metrics (Sharpe ratio, returns, risk diversification) with no substantive engagement with ethical concerns such as fairness, accountability, harm, or governance.",0,"The paper focuses entirely on optimizing financial portfolio performance metrics (Sharpe ratio, returns, risk diversification) with no substantive engagement with ethical concerns such as fairness, accountability, harm, or governance.",1762,55,,,,0,0
2001.04186,2020,sections,"SCORE: 0
REASON: The paper focuses entirely on technical aspects of activity recognition, planning model generation, and dataset benchmarking, with no normative engagement with fairness, harm, accountability, or governance concerns.",0,"The paper focuses entirely on technical aspects of activity recognition, planning model generation, and dataset benchmarking, with no normative engagement with fairness, harm, accountability, or governance concerns.",661,50,,,,0,0
2008.07971,2020,sections,"SCORE: 0
REASON: The mention of ""unfair driving behavior"" refers to technical racing etiquette (e.g., blocking or colliding with other cars) rather than any normative ethical concern about fairness, harm, or justice in a socially meaningful sense.",0,"The mention of ""unfair driving behavior"" refers to technical racing etiquette (e.g., blocking or colliding with other cars) rather than any normative ethical concern about fairness, harm, or justice in a socially meaningful sense.",533,63,,,,0,0
2010.11523,2020,sections,"SCORE: 0
REASON: The paper is purely technical, focusing on Monte Carlo tree search adaptations for combinatorial optimization problems, with no substantive engagement with ethical concerns such as fairness, harm, accountability, or governance.",0,"The paper is purely technical, focusing on Monte Carlo tree search adaptations for combinatorial optimization problems, with no substantive engagement with ethical concerns such as fairness, harm, accountability, or governance.",1397,52,,,,0,0
2008.06595,2020,sections,"SCORE: 0
REASON: The paper focuses entirely on autonomous vehicle decision-making using deep reinforcement learning algorithms, with no engagement with ethical concerns such as fairness, accountability, or harm.",0,"The paper focuses entirely on autonomous vehicle decision-making using deep reinforcement learning algorithms, with no engagement with ethical concerns such as fairness, accountability, or harm.",370,45,,,,0,0
2012.05860,2020,sections,"SCORE: 0
REASON: The paper focuses entirely on technical challenges of scalability and label sparsity in multi-label text classification, with no normative engagement with fairness, harm, accountability, or governance concerns.",0,"The paper focuses entirely on technical challenges of scalability and label sparsity in multi-label text classification, with no normative engagement with fairness, harm, accountability, or governance concerns.",756,51,,,,0,0
2006.01473,2020,sections,"SCORE: 0
REASON: The paper focuses entirely on technical optimization of drone scheduling (ILP formulation, greedy algorithms, graph-based routing) with no substantive engagement with normative ethical concerns such as fairness, harm, accountability, or governance.",0,"The paper focuses entirely on technical optimization of drone scheduling (ILP formulation, greedy algorithms, graph-based routing) with no substantive engagement with normative ethical concerns such as fairness, harm, accountability, or governance.",1323,59,,,,0,0
2006.08153,2020,sections,"SCORE: 0
REASON: The paper focuses entirely on technical optimization of manufacturing quality control plans using decision support systems and case-based reasoning, with no normative engagement with fairness, harm, accountability, or governance concerns.",0,"The paper focuses entirely on technical optimization of manufacturing quality control plans using decision support systems and case-based reasoning, with no normative engagement with fairness, harm, accountability, or governance concerns.",1345,51,,,,0,0
2012.15358,2020,sections,"SCORE: 0
REASON: The paper is a technical overview of data science methods for mechanical engineering applications with no substantive engagement with ethical concerns such as fairness, harm, accountability, or governance.",0,"The paper is a technical overview of data science methods for mechanical engineering applications with no substantive engagement with ethical concerns such as fairness, harm, accountability, or governance.",1263,46,,,,0,0
2011.09410,2020,sections,"SCORE: 0
REASON: The paper focuses entirely on defining and testing human-level AI through language acquisition, with no substantive engagement with ethical concerns such as fairness, harm, accountability, or governance.",0,"The paper focuses entirely on defining and testing human-level AI through language acquisition, with no substantive engagement with ethical concerns such as fairness, harm, accountability, or governance.",754,48,,,,0,0
2003.01848,2020,sections,"SCORE: 0
REASON: The paper focuses entirely on emergent communication protocols and multi-agent reinforcement learning performance, with no normative engagement with fairness, harm, accountability, or governance.",0,"The paper focuses entirely on emergent communication protocols and multi-agent reinforcement learning performance, with no normative engagement with fairness, harm, accountability, or governance.",606,46,,,,0,0
2007.09300,2020,sections,"SCORE: 0
REASON: The paper focuses entirely on technical aspects of developmental robotics simulation and generalization in machine learning, with no normative engagement with fairness, harm, accountability, or governance concerns.",0,"The paper focuses entirely on technical aspects of developmental robotics simulation and generalization in machine learning, with no normative engagement with fairness, harm, accountability, or governance concerns.",788,48,,,,0,0
2011.12863,2020,sections,"SCORE: 1
REASON: The paper substantively engages with AI ethics by critically examining whether European national AI strategies translate ethical and social concerns—such as human-centric design, accountability, trustworthy AI, and citizens' rights—into concrete governance and policy measures, reflecting genuine normative concern rather than merely technical treatment.",1,"The paper substantively engages with AI ethics by critically examining whether European national AI strategies translate ethical and social concerns—such as human-centric design, accountability, trustworthy AI, and citizens' rights—into concrete governance and policy measures, reflecting genuine normative concern rather than merely technical treatment.",1204,73,"CATEGORY: B
REASON: The paper primarily analyzes European national AI strategies, regulatory frameworks, oversight mechanisms, and institutional compliance with the EU's coordinated AI governance plan.",B,"The paper primarily analyzes European national AI strategies, regulatory frameworks, oversight mechanisms, and institutional compliance with the EU's coordinated AI governance plan.",1228,40
2009.00433,2020,sections,"SCORE: 0
REASON: The paper focuses entirely on technical optimization of train dispatching using deep reinforcement learning, with no substantive engagement with normative ethical concerns such as fairness, accountability, or governance.",0,"The paper focuses entirely on technical optimization of train dispatching using deep reinforcement learning, with no substantive engagement with normative ethical concerns such as fairness, accountability, or governance.",1569,49,,,,0,0
2001.10953,2020,sections,"SCORE: 0
REASON: The paper mentions applications like bullying and violence detection but treats these only as technical motivations, with no substantive normative analysis of fairness, harm, accountability, or governance concerns.",0,"The paper mentions applications like bullying and violence detection but treats these only as technical motivations, with no substantive normative analysis of fairness, harm, accountability, or governance concerns.",637,50,,,,0,0
2001.02912,2020,fallback_no_target_sections,"SCORE: 0
REASON: The paper focuses on technical and pedagogical aspects of conversational search and lifelong learning, with no substantive normative engagement with fairness, harm, accountability, or governance concerns.",0,"The paper focuses on technical and pedagogical aspects of conversational search and lifelong learning, with no substantive normative engagement with fairness, harm, accountability, or governance concerns.",661,49,,,,0,0
2004.12908,2020,fallback_no_target_sections,"SCORE: 0
REASON: The paper focuses entirely on technical performance metrics (forward/backward transfer, catastrophic forgetting) in lifelong machine learning, with no substantive engagement with ethical concerns such as fairness, harm, accountability, or governance.",0,"The paper focuses entirely on technical performance metrics (forward/backward transfer, catastrophic forgetting) in lifelong machine learning, with no substantive engagement with ethical concerns such as fairness, harm, accountability, or governance.",1249,57,,,,0,0
2010.03790,2020,sections,"SCORE: 0
REASON: The paper discusses reinforcement learning agents using commonsense knowledge graphs for game-playing, with no engagement with ethical concerns such as fairness, harm, accountability, or governance.",0,"The paper discusses reinforcement learning agents using commonsense knowledge graphs for game-playing, with no engagement with ethical concerns such as fairness, harm, accountability, or governance.",432,48,,,,0,0
2009.10236,2020,sections,"SCORE: 0
REASON: This paper is purely technical, focusing on formal theorems for Hybrid Answer Set Programming with no engagement with AI ethics, fairness, harm, accountability, or governance.",0,"This paper is purely technical, focusing on formal theorems for Hybrid Answer Set Programming with no engagement with AI ethics, fairness, harm, accountability, or governance.",323,46,,,,0,0
2007.09448,2020,sections,"SCORE: 0
REASON: The paper addresses interpretability and explainability in medical AI as a technical requirement, but does not engage with normative ethical concerns such as fairness, accountability, harm, or justice—only with improving model transparency as a functional/technical goal.",0,"The paper addresses interpretability and explainability in medical AI as a technical requirement, but does not engage with normative ethical concerns such as fairness, accountability, harm, or justice—only with improving model transparency as a functional/technical goal.",767,62,,,,0,0
2007.09450,2020,sections,"SCORE: 0
REASON: The paper is purely technical, focusing on probabilistic models, Bayesian networks, and moment-based invariants with no engagement with normative ethical concerns such as fairness, harm, or accountability.",0,"The paper is purely technical, focusing on probabilistic models, Bayesian networks, and moment-based invariants with no engagement with normative ethical concerns such as fairness, harm, or accountability.",662,53,,,,0,0
2012.07172,2020,sections,"SCORE: 0
REASON: The paper focuses entirely on technical improvements to neural network abstract reasoning capabilities, with no normative discussion of fairness, harm, accountability, or governance.",0,"The paper focuses entirely on technical improvements to neural network abstract reasoning capabilities, with no normative discussion of fairness, harm, accountability, or governance.",1541,42,,,,0,0
2004.13654,2020,sections,"SCORE: 1
REASON: The paper substantively engages with AI ethics by addressing the normative concern of preventing AI agents from manipulating their own reward-learning processes to subvert human oversight and control, which directly relates to questions of AI safety, accountability, and aligned governance.",1,"The paper substantively engages with AI ethics by addressing the normative concern of preventing AI agents from manipulating their own reward-learning processes to subvert human oversight and control, which directly relates to questions of AI safety, accountability, and aligned governance.",709,63,"CATEGORY: A
REASON: The paper formalizes technical properties (unriggability and uninfluenceability) of reward-function learning processes and proposes algorithmic approaches to prevent AI agents from manipulating their own training signals, which is a technical AI safety concern.",A,"The paper formalizes technical properties (unriggability and uninfluenceability) of reward-function learning processes and proposes algorithmic approaches to prevent AI agents from manipulating their own training signals, which is a technical AI safety concern.",733,62
2009.03457,2020,sections,"SCORE: 0
REASON: The paper focuses entirely on technical architecture and scalability challenges of conversational AI systems, with no substantive engagement with normative ethical concerns such as fairness, harm, accountability, or governance.",0,"The paper focuses entirely on technical architecture and scalability challenges of conversational AI systems, with no substantive engagement with normative ethical concerns such as fairness, harm, accountability, or governance.",1485,51,,,,0,0
2004.01098,2020,sections,"SCORE: 0
REASON: The paper is purely technical, focusing on computational methods for multi-agent reinforcement learning with information state embeddings, performance bounds, and compression error metrics, with no substantive engagement with ethical concerns such as fairness, harm, accountability, or governance.",0,"The paper is purely technical, focusing on computational methods for multi-agent reinforcement learning with information state embeddings, performance bounds, and compression error metrics, with no substantive engagement with ethical concerns such as fairness, harm, accountability, or governance.",1134,63,,,,0,0
2008.04589,2020,sections,"SCORE: 0
REASON: The paper focuses entirely on technical improvements to sample efficiency and behavior space coverage in robotic learning, with no engagement with normative ethical concerns such as fairness, harm, accountability, or governance.",0,"The paper focuses entirely on technical improvements to sample efficiency and behavior space coverage in robotic learning, with no engagement with normative ethical concerns such as fairness, harm, accountability, or governance.",1124,51,,,,0,0
2012.12335,2020,sections,"SCORE: 0
REASON: The paper focuses on technical challenges of integrating automated planning with real-time execution systems, with no substantive engagement with ethical concerns such as fairness, harm, accountability, or governance.",0,"The paper focuses on technical challenges of integrating automated planning with real-time execution systems, with no substantive engagement with ethical concerns such as fairness, harm, accountability, or governance.",507,50,,,,0,0
2004.00980,2020,sections,"SCORE: 0
REASON: The paper focuses entirely on technical aspects of reinforcement learning action space design, with no engagement with normative ethical concerns such as fairness, harm, accountability, or governance.",0,"The paper focuses entirely on technical aspects of reinforcement learning action space design, with no engagement with normative ethical concerns such as fairness, harm, accountability, or governance.",1484,47,,,,0,0
2006.00417,2020,sections,"SCORE: 0
REASON: The paper focuses entirely on technical improvements to reward estimation in dialog systems using variational methods, with no normative engagement with fairness, harm, accountability, or governance.",0,"The paper focuses entirely on technical improvements to reward estimation in dialog systems using variational methods, with no normative engagement with fairness, harm, accountability, or governance.",617,46,,,,0,0
2101.01067,2020,sections,"SCORE: 0
REASON: The paper is purely technical, focusing on fuzzy logic and AHP (Analytic Hierarchy Process) mathematical methods for data classification, with no engagement with ethical concerns such as fairness, harm, accountability, or governance.",0,"The paper is purely technical, focusing on fuzzy logic and AHP (Analytic Hierarchy Process) mathematical methods for data classification, with no engagement with ethical concerns such as fairness, harm, accountability, or governance.",415,58,,,,0,0
2007.12904,2020,fallback_no_target_sections,"SCORE: 0
REASON: The paper focuses entirely on technical improvements to reinforcement learning from human preferences (efficiency, reward optimization, reducing human input costs) without substantively engaging with normative ethical concerns such as fairness, harm, accountability, or governance.",0,"The paper focuses entirely on technical improvements to reinforcement learning from human preferences (efficiency, reward optimization, reducing human input costs) without substantively engaging with normative ethical concerns such as fairness, harm, accountability, or governance.",1632,58,,,,0,0
2004.12770,2020,sections,"SCORE: 0
REASON: The paper's mention of ""detection of biases in datasets"" is a single incidental remark, while the overall focus is on technical improvements to computational efficiency, interpretability, and performance metrics without substantive normative engagement with fairness, harm, or governance.",0,"The paper's mention of ""detection of biases in datasets"" is a single incidental remark, while the overall focus is on technical improvements to computational efficiency, interpretability, and performance metrics without substantive normative engagement with fairness, harm, or governance.",1281,66,,,,0,0
2003.00683,2020,sections,"SCORE: 1
REASON: The paper substantively engages with AI ethics through its focus on algorithmic fairness and discrimination prevention, citing foundational works on fairness (e.g., Dwork et al., Hardt et al., Kusner et al.) and referencing O'Neil's ""Weapons of Math Destruction,"" indicating genuine normative concern about bias and harm in automated decision-making systems.",1,"The paper substantively engages with AI ethics through its focus on algorithmic fairness and discrimination prevention, citing foundational works on fairness (e.g., Dwork et al., Hardt et al., Kusner et al.) and referencing O'Neil's ""Weapons of Math Destruction,"" indicating genuine normative concern about bias and harm in automated decision-making systems.",2149,94,"CATEGORY: A
REASON: The paper's references center on fairness metrics, discrimination-aware classification, bias mitigation toolkits, and algorithmic fairness frameworks, indicating a primarily technical ethics framing.",A,"The paper's references center on fairness metrics, discrimination-aware classification, bias mitigation toolkits, and algorithmic fairness frameworks, indicating a primarily technical ethics framing.",2173,48
2012.08622,2020,sections,"SCORE: 0
REASON: The paper focuses entirely on ontology development for smart mobility and transportation systems, with no engagement with normative ethical concerns such as fairness, harm, accountability, or governance.",0,"The paper focuses entirely on ontology development for smart mobility and transportation systems, with no engagement with normative ethical concerns such as fairness, harm, accountability, or governance.",1305,47,,,,0,0
2012.08128,2020,fallback_no_target_sections,"SCORE: 0
REASON: The paper focuses entirely on technical improvements to entity alignment in knowledge graphs using embedding and neighborhood matching methods, with no engagement with ethical concerns such as fairness, harm, accountability, or governance.",0,"The paper focuses entirely on technical improvements to entity alignment in knowledge graphs using embedding and neighborhood matching methods, with no engagement with ethical concerns such as fairness, harm, accountability, or governance.",955,50,,,,0,0
2003.00030,2020,sections,"SCORE: 0
REASON: The paper is purely technical, focusing on reinforcement learning model accuracy, sample complexity, and policy optimization without any engagement with ethical concerns such as fairness, harm, accountability, or governance.",0,"The paper is purely technical, focusing on reinforcement learning model accuracy, sample complexity, and policy optimization without any engagement with ethical concerns such as fairness, harm, accountability, or governance.",622,50,,,,0,0
2005.09331,2020,sections,"SCORE: 0
REASON: The paper focuses entirely on computational optimization of internship matching (complexity analysis, heuristic algorithms, LP encoding, and performance benchmarking) with no normative discussion of fairness, equity, accountability, or other ethical concerns.",0,"The paper focuses entirely on computational optimization of internship matching (complexity analysis, heuristic algorithms, LP encoding, and performance benchmarking) with no normative discussion of fairness, equity, accountability, or other ethical concerns.",737,59,,,,0,0
2009.14665,2020,fallback_no_target_sections,"SCORE: 0
REASON: The paper focuses entirely on technical performance improvements for connected autonomous vehicles using deep reinforcement learning and sensor fusion, with mentions of ""safety"" and ""mobility"" as engineering metrics rather than engaging with normative ethical concerns about fairness, accountability, harm, or governance.",0,"The paper focuses entirely on technical performance improvements for connected autonomous vehicles using deep reinforcement learning and sensor fusion, with mentions of ""safety"" and ""mobility"" as engineering metrics rather than engaging with normative ethical concerns about fairness, accountability, harm, or governance.",1013,65,,,,0,0
2110.05387,2021,sections,"SCORE: 0
REASON: The paper focuses entirely on technical development of a socialbot using commonsense reasoning and answer set programming, with no engagement with ethical concerns such as fairness, harm, accountability, or governance.",0,"The paper focuses entirely on technical development of a socialbot using commonsense reasoning and answer set programming, with no engagement with ethical concerns such as fairness, harm, accountability, or governance.",790,51,,,,0,0
2103.00070,2021,sections,"SCORE: 0
REASON: The paper is a technical survey of zero-shot learning methods focused on external knowledge types, algorithms, and benchmarks, with no substantive engagement with ethical concerns such as fairness, harm, accountability, or governance.",0,"The paper is a technical survey of zero-shot learning methods focused on external knowledge types, algorithms, and benchmarks, with no substantive engagement with ethical concerns such as fairness, harm, accountability, or governance.",748,56,,,,0,0
2103.04364,2021,sections,"SCORE: 0
REASON: The paper focuses entirely on technical verification and validation methods for autonomous vehicle safety, with no substantive engagement with normative ethical concerns such as fairness, accountability, or justice.",0,"The paper focuses entirely on technical verification and validation methods for autonomous vehicle safety, with no substantive engagement with normative ethical concerns such as fairness, accountability, or justice.",1338,47,,,,0,0
2106.09106,2021,sections,"SCORE: 0
REASON: The paper focuses on technical evaluation of whether explanations help humans predict AI misclassifications, framing human oversight as a performance problem rather than engaging with normative concerns about fairness, harm, accountability, or governance.",0,"The paper focuses on technical evaluation of whether explanations help humans predict AI misclassifications, framing human oversight as a performance problem rather than engaging with normative concerns about fairness, harm, accountability, or governance.",1219,57,,,,0,0
2110.07898,2021,sections,"SCORE: 0
REASON: The paper focuses on technical aspects of a clinical decision support system for respiratory monitoring, with no substantive normative engagement with fairness, harm, accountability, or governance concerns.",0,"The paper focuses on technical aspects of a clinical decision support system for respiratory monitoring, with no substantive normative engagement with fairness, harm, accountability, or governance concerns.",465,47,,,,0,0
2105.05330,2021,sections,"SCORE: 0
REASON: The paper's conclusion focuses entirely on technical progress in neuro-symbolic AI and its potential toward human-level intelligence, with no substantive engagement with ethical concerns such as fairness, harm, accountability, or governance.",0,"The paper's conclusion focuses entirely on technical progress in neuro-symbolic AI and its potential toward human-level intelligence, with no substantive engagement with ethical concerns such as fairness, harm, accountability, or governance.",346,56,,,,0,0
2109.08006,2021,fallback_no_target_sections,"SCORE: 0
REASON: The paper focuses entirely on technical properties of AI systems (interpretability, generalizability, robustness) in the context of algorithmic reasoning and question answering, with no substantive normative engagement with fairness, harm, accountability, justice, or governance.",0,"The paper focuses entirely on technical properties of AI systems (interpretability, generalizability, robustness) in the context of algorithmic reasoning and question answering, with no substantive normative engagement with fairness, harm, accountability, justice, or governance.",1966,66,,,,0,0
2110.07710,2021,sections,"SCORE: 0
REASON: The paper focuses on technical regulatory compliance checking (GDPR enforcement via formal logic tools) as an engineering/legal automation problem, without substantive normative engagement with fairness, harm, justice, or accountability as ethical concerns.",0,"The paper focuses on technical regulatory compliance checking (GDPR enforcement via formal logic tools) as an engineering/legal automation problem, without substantive normative engagement with fairness, harm, justice, or accountability as ethical concerns.",1441,58,,,,0,0
2102.07548,2021,sections,"SCORE: 0
REASON: The paper focuses on AI-driven game personalization and player-centered frameworks, with no substantive engagement with ethical concerns such as fairness, harm, accountability, or governance.",0,"The paper focuses on AI-driven game personalization and player-centered frameworks, with no substantive engagement with ethical concerns such as fairness, harm, accountability, or governance.",474,48,,,,0,0
2103.14023,2021,sections,"SCORE: 0
REASON: The paper focuses entirely on technical trajectory prediction for multi-agent systems with no engagement with normative ethical concerns such as fairness, harm, accountability, or governance.",0,"The paper focuses entirely on technical trajectory prediction for multi-agent systems with no engagement with normative ethical concerns such as fairness, harm, accountability, or governance.",309,45,,,,0,0
2102.00572,2021,sections,"SCORE: 0
REASON: The paper focuses on technical aspects of reinforcement learning algorithms grounded in cognitive theories (connectionism vs. LOTH), with no substantive engagement with ethical concerns like fairness, harm, accountability, or governance.",0,"The paper focuses on technical aspects of reinforcement learning algorithms grounded in cognitive theories (connectionism vs. LOTH), with no substantive engagement with ethical concerns like fairness, harm, accountability, or governance.",412,56,,,,0,0
2103.10844,2021,fallback_no_target_sections,"SCORE: 0
REASON: The paper focuses on terminological clarification and taxonomy of autonomous driving concepts, with only incidental mention of legal uncertainty and user understanding rather than substantive normative engagement with fairness, harm, accountability, or justice.",0,"The paper focuses on terminological clarification and taxonomy of autonomous driving concepts, with only incidental mention of legal uncertainty and user understanding rather than substantive normative engagement with fairness, harm, accountability, or justice.",798,56,,,,0,0
2106.04984,2021,fallback_empty_sections,"SCORE: 0
REASON: The paper's references to ""societal regulations"" and ""constraints"" are purely technical framing for control/monitoring systems, with no substantive normative engagement with fairness, harm, accountability, or governance.",0,"The paper's references to ""societal regulations"" and ""constraints"" are purely technical framing for control/monitoring systems, with no substantive normative engagement with fairness, harm, accountability, or governance.",281,55,,,,0,0
2104.12278,2021,sections,"SCORE: 1
REASON: The paper substantively engages with AI ethics by addressing socially responsible AI, risks of oppression, fairness concerns embedded in data and algorithmic design, and the need for causal understanding to achieve ethical outcomes—going well beyond technical framing.",1,"The paper substantively engages with AI ethics by addressing socially responsible AI, risks of oppression, fairness concerns embedded in data and algorithmic design, and the need for causal understanding to achieve ethical outcomes—going well beyond technical framing.",511,63,"CATEGORY: A
REASON: The paper primarily frames AI ethics through technical concerns such as fairness metrics, data generating processes, causal relations, and algorithmic formalization rather than governance structures or systemic justice issues.",A,"The paper primarily frames AI ethics through technical concerns such as fairness metrics, data generating processes, causal relations, and algorithmic formalization rather than governance structures or systemic justice issues.",535,49
2108.05809,2021,sections,"SCORE: 1
REASON: The paper substantively engages with AI ethics by explicitly linking AI literacy to normative concerns about bias, public trust, societal protection, governance (policymakers and regulation), and the ethical responsibilities of different user roles across society.",1,"The paper substantively engages with AI ethics by explicitly linking AI literacy to normative concerns about bias, public trust, societal protection, governance (policymakers and regulation), and the ethical responsibilities of different user roles across society.",870,59,"CATEGORY: B
REASON: The paper focuses on developing governance frameworks, competency models, and policy-relevant literacy standards for different societal roles, framing AI ethics primarily through institutional oversight, regulatory preparedness, and accountability mechanisms for AI use.",B,"The paper focuses on developing governance frameworks, competency models, and policy-relevant literacy standards for different societal roles, framing AI ethics primarily through institutional oversight, regulatory preparedness, and accountability mechanisms for AI use.",894,55
2110.04507,2021,sections,"SCORE: 0
REASON: The paper focuses entirely on technical challenges in multi-agent reinforcement learning for a football video game, with no engagement with fairness, harm, accountability, justice, or governance concerns.",0,"The paper focuses entirely on technical challenges in multi-agent reinforcement learning for a football video game, with no engagement with fairness, harm, accountability, justice, or governance concerns.",972,49,,,,0,0
2102.12076,2021,fallback_no_target_sections,"SCORE: 0
REASON: The paper engages with failure as a computational and biological concept for understanding complex systems and evolutionary simulation, with no substantive normative concern about fairness, harm, accountability, or governance.",0,"The paper engages with failure as a computational and biological concept for understanding complex systems and evolutionary simulation, with no substantive normative concern about fairness, harm, accountability, or governance.",954,50,,,,0,0
2104.00409,2021,sections,"SCORE: 0
REASON: The paper focuses entirely on technical performance of a quantum computing approach to scheduling optimization, with no substantive normative engagement with fairness, harm, accountability, or governance beyond a boilerplate conflict-of-interest statement.",0,"The paper focuses entirely on technical performance of a quantum computing approach to scheduling optimization, with no substantive normative engagement with fairness, harm, accountability, or governance beyond a boilerplate conflict-of-interest statement.",1164,57,,,,0,0
2108.13772,2021,sections,"SCORE: 0
REASON: The paper appears to focus on technical aspects of concept lattices and knowledge representation measurement, with no evident substantive engagement with normative ethical concerns.",0,"The paper appears to focus on technical aspects of concept lattices and knowledge representation measurement, with no evident substantive engagement with normative ethical concerns.",242,41,,,,0,0
2110.08012,2021,sections,"SCORE: 0
REASON: The paper is a technical survey on knowledge graph refinement techniques, focusing entirely on computational challenges like scalability, expressiveness, and reasoning efficiency, with no substantive engagement with ethical concerns such as fairness, harm, accountability, or governance.",0,"The paper is a technical survey on knowledge graph refinement techniques, focusing entirely on computational challenges like scalability, expressiveness, and reasoning efficiency, with no substantive engagement with ethical concerns such as fairness, harm, accountability, or governance.",1158,61,,,,0,0
2106.00258,2021,sections,"SCORE: 0
REASON: The paper focuses entirely on technical methods for dynamics simulation using hierarchical graph networks and causal inference, with no engagement with ethical concerns such as fairness, harm, accountability, or governance.",0,"The paper focuses entirely on technical methods for dynamics simulation using hierarchical graph networks and causal inference, with no engagement with ethical concerns such as fairness, harm, accountability, or governance.",818,50,,,,0,0
2110.09240,2021,sections,"SCORE: 1
REASON: The paper substantively engages with AI ethics by developing a formal framework for value alignment in autonomous agents, explicitly concerned with how norms can be engineered to foster behaviour consistent with human values—a genuine normative concern about governance and accountability of socio-cognitive technical systems.",1,"The paper substantively engages with AI ethics by developing a formal framework for value alignment in autonomous agents, explicitly concerned with how norms can be engineered to foster behaviour consistent with human values—a genuine normative concern about governance and accountability of socio-cognitive technical systems.",846,68,"CATEGORY: A
REASON: The paper proposes a formal computational model for measuring value alignment through mathematical definitions of preferences, norms, and alignment degrees, which is fundamentally a technical approach to encoding ethical constraints in autonomous systems.",A,"The paper proposes a formal computational model for measuring value alignment through mathematical definitions of preferences, norms, and alignment degrees, which is fundamentally a technical approach to encoding ethical constraints in autonomous systems.",870,51
2108.05136,2021,sections,"SCORE: 0
REASON: The paper focuses entirely on game design, AI competition mechanics, and educational pedagogy, with no substantive engagement with ethical concerns such as fairness, harm, accountability, or governance.",0,"The paper focuses entirely on game design, AI competition mechanics, and educational pedagogy, with no substantive engagement with ethical concerns such as fairness, harm, accountability, or governance.",1238,49,,,,0,0
2104.09586,2021,sections,"SCORE: 1
REASON: The paper substantively engages with AI ethics by applying NLP/topic modeling to analyze Incel communities with the explicit normative goal of understanding extremism, countering radicalization, and informing strategies around cybercrime and harm prevention.",1,"The paper substantively engages with AI ethics by applying NLP/topic modeling to analyze Incel communities with the explicit normative goal of understanding extremism, countering radicalization, and informing strategies around cybercrime and harm prevention.",666,63,"CATEGORY: C
REASON: The paper investigates online Incel communities to uncover patterns of misogyny, radicalization, and extremism, framing its analysis around understanding structural harms, community behaviors, and countering violent ideologies rooted in gender-based discrimination.",C,"The paper investigates online Incel communities to uncover patterns of misogyny, radicalization, and extremism, framing its analysis around understanding structural harms, community behaviors, and countering violent ideologies rooted in gender-based discrimination.",690,64
2102.02311,2021,sections,"SCORE: 0
REASON: The paper is entirely focused on formal philosophical and technical analysis of causal definitions in structural equation models, with no substantive engagement with normative concerns about fairness, harm, accountability, or governance.",0,"The paper is entirely focused on formal philosophical and technical analysis of causal definitions in structural equation models, with no substantive engagement with normative concerns about fairness, harm, accountability, or governance.",1825,52,,,,0,0
2108.07669,2021,sections,"SCORE: 0
REASON: The paper is a technical review of epistemic specifications and logic programming semantics, with no substantive engagement with AI ethics, fairness, harm, accountability, or governance.",0,"The paper is a technical review of epistemic specifications and logic programming semantics, with no substantive engagement with AI ethics, fairness, harm, accountability, or governance.",1308,47,,,,0,0
2102.00582,2021,sections,"SCORE: 0
REASON: The paper focuses entirely on technical problems of reinforcement learning with temporal logic specifications in multi-agent settings, with no normative concern about fairness, harm, accountability, or governance.",0,"The paper focuses entirely on technical problems of reinforcement learning with temporal logic specifications in multi-agent settings, with no normative concern about fairness, harm, accountability, or governance.",714,49,,,,0,0
2106.02856,2021,sections,"SCORE: 0
REASON: The paper focuses entirely on technical methods for solving combinatorial optimization problems using neural networks and reinforcement learning, with no engagement with normative concerns about fairness, harm, accountability, or governance.",0,"The paper focuses entirely on technical methods for solving combinatorial optimization problems using neural networks and reinforcement learning, with no engagement with normative concerns about fairness, harm, accountability, or governance.",1055,51,,,,0,0
2105.09413,2021,sections,"SCORE: 0
REASON: The paper focuses entirely on computational complexity and algorithmic aspects of diverse solution sets for rank aggregation, with no substantive normative engagement with fairness, harm, accountability, or justice beyond brief mentions of subjective user criteria as technical motivation.",0,"The paper focuses entirely on computational complexity and algorithmic aspects of diverse solution sets for rank aggregation, with no substantive normative engagement with fairness, harm, accountability, or justice beyond brief mentions of subjective user criteria as technical motivation.",1490,61,,,,0,0
2104.12620,2021,fallback_empty_sections,"SCORE: 0
REASON: The paper is purely technical, focusing on computational efficiency of a local search algorithm on NK fitness landscapes, with no engagement with ethical concerns such as fairness, harm, accountability, or governance.",0,"The paper is purely technical, focusing on computational efficiency of a local search algorithm on NK fitness landscapes, with no engagement with ethical concerns such as fairness, harm, accountability, or governance.",680,50,,,,0,0
2107.08398,2021,sections,"SCORE: 0
REASON: The paper focuses entirely on technical reinforcement learning methodology (skill discovery, mutual information, embedding spaces) with no engagement with normative ethical concerns such as fairness, harm, accountability, or governance.",0,"The paper focuses entirely on technical reinforcement learning methodology (skill discovery, mutual information, embedding spaces) with no engagement with normative ethical concerns such as fairness, harm, accountability, or governance.",565,52,,,,0,0
2106.02617,2021,sections,"SCORE: 1
REASON: The paper substantively engages with AI ethics by addressing harm avoidance, the wellbeing and agency of other agents, fairness in decision-making, and the societal risks of misuse, rooted in genuine normative concern about safe and beneficial AI behavior.",1,"The paper substantively engages with AI ethics by addressing harm avoidance, the wellbeing and agency of other agents, fairness in decision-making, and the societal risks of misuse, rooted in genuine normative concern about safe and beneficial AI behavior.",1505,68,"CATEGORY: A
REASON: The paper focuses on technical methods for safe reinforcement learning—specifically computational approaches to avoiding negative side effects through augmented reward functions and safety constraints in MDPs.",A,The paper focuses on technical methods for safe reinforcement learning—specifically computational approaches to avoiding negative side effects through augmented reward functions and safety constraints in MDPs.,1529,43
2108.00238,2021,sections,"SCORE: 0
REASON: The paper focuses entirely on technical improvements to trajectory prediction accuracy using graph-based and RNN-based methods, with no substantive engagement with ethical concerns such as fairness, harm, accountability, or governance.",0,"The paper focuses entirely on technical improvements to trajectory prediction accuracy using graph-based and RNN-based methods, with no substantive engagement with ethical concerns such as fairness, harm, accountability, or governance.",490,54,,,,0,0
2109.12998,2021,sections,"SCORE: 0
REASON: The paper appears to be purely mathematical/technical in nature, dealing with set theory and cardinality functions, with no ethical content visible in the provided sections.",0,"The paper appears to be purely mathematical/technical in nature, dealing with set theory and cardinality functions, with no ethical content visible in the provided sections.",220,44,,,,0,0
2104.12871,2021,sections,"SCORE: 0
REASON: The paper focuses on epistemological and conceptual fallacies driving AI overconfidence and hype cycles, with no substantive normative engagement with fairness, harm, accountability, justice, or governance.",0,"The paper focuses on epistemological and conceptual fallacies driving AI overconfidence and hype cycles, with no substantive normative engagement with fairness, harm, accountability, justice, or governance.",1562,55,,,,0,0
2105.07308,2021,sections,"SCORE: 0
REASON: The paper focuses entirely on technical and cognitive science challenges (continual learning, catastrophic interference, neural-symbolic integration) with no normative engagement with fairness, harm, accountability, or governance.",0,"The paper focuses entirely on technical and cognitive science challenges (continual learning, catastrophic interference, neural-symbolic integration) with no normative engagement with fairness, harm, accountability, or governance.",885,52,,,,0,0
2102.00617,2021,sections,"SCORE: 1
REASON: The paper substantively engages with AI ethics by addressing normative concerns such as moral responsibility allocation, the trolley problem in autonomous driving contexts, privacy, and security governance frameworks rather than treating these as purely technical metrics.",1,"The paper substantively engages with AI ethics by addressing normative concerns such as moral responsibility allocation, the trolley problem in autonomous driving contexts, privacy, and security governance frameworks rather than treating these as purely technical metrics.",723,56,"CATEGORY: A
REASON: The paper primarily addresses technical and safety dimensions of autonomous driving ethics, including security defenses, privacy protections, and safety constraints like the trolley problem and responsibility attribution in technical systems.",A,"The paper primarily addresses technical and safety dimensions of autonomous driving ethics, including security defenses, privacy protections, and safety constraints like the trolley problem and responsibility attribution in technical systems.",747,48
2105.02851,2021,sections,"SCORE: 1
REASON: The paper substantively engages with AI ethics by formally addressing how ethical obligations—distinct from mere performance or safety metrics—should be formalized, verified, and enforced in autonomous systems, treating fairness, accountability, and normative constraints as core technical and philosophical problems.",1,"The paper substantively engages with AI ethics by formally addressing how ethical obligations—distinct from mere performance or safety metrics—should be formalized, verified, and enforced in autonomous systems, treating fairness, accountability, and normative constraints as core technical and philosophical problems.",772,67,"CATEGORY: A
REASON: The paper focuses on formalizing and verifying ethical obligations in cyber-physical systems (e.g., autonomous vehicles) using formal logic, control constraints, and algorithmic frameworks—core technical ethics methodology.",A,"The paper focuses on formalizing and verifying ethical obligations in cyber-physical systems (e.g., autonomous vehicles) using formal logic, control constraints, and algorithmic frameworks—core technical ethics methodology.",796,53
2107.00567,2021,sections,"SCORE: 0
REASON: This paper is entirely focused on computational neuroscience and cognitive modeling of hippocampal spatial mapping, with no engagement with AI ethics, fairness, harm, accountability, or governance.",0,"This paper is entirely focused on computational neuroscience and cognitive modeling of hippocampal spatial mapping, with no engagement with AI ethics, fairness, harm, accountability, or governance.",932,50,,,,0,0
2107.04771,2021,sections,"SCORE: 0
REASON: The paper focuses entirely on technical development of a GNN-based legal case similarity system, mentioning only efficiency and speed benefits without engaging in normative concerns about fairness, accountability, or the ethical implications of AI in judicial decision-making.",0,"The paper focuses entirely on technical development of a GNN-based legal case similarity system, mentioning only efficiency and speed benefits without engaging in normative concerns about fairness, accountability, or the ethical implications of AI in judicial decision-making.",750,61,,,,0,0
2103.11345,2021,sections,"SCORE: 0
REASON: The paper is purely a technical contribution focused on Monte Carlo algorithms for solving ρ-POMDPs, with no engagement with ethical concepts such as fairness, harm, accountability, or governance.",0,"The paper is purely a technical contribution focused on Monte Carlo algorithms for solving ρ-POMDPs, with no engagement with ethical concepts such as fairness, harm, accountability, or governance.",3128,53,,,,0,0
2105.07776,2021,sections,"SCORE: 0
REASON: While the introduction briefly mentions privacy concerns and use of neural networks in democratic processes, the paper's technical focus on input space partitioning and linear regions of neural networks demonstrates only incidental ethical engagement without substantive normative analysis of fairness, harm, or governance.",0,"While the introduction briefly mentions privacy concerns and use of neural networks in democratic processes, the paper's technical focus on input space partitioning and linear regions of neural networks demonstrates only incidental ethical engagement without substantive normative analysis of fairness, harm, or governance.",576,66,,,,0,0
2106.07378,2021,sections,"SCORE: 0
REASON: The paper focuses on Multi-Criteria Decision Analysis method selection systems (MCDA-MSS) and decision efficiency, with no substantive engagement with ethical concerns like fairness, harm, accountability, or justice.",0,"The paper focuses on Multi-Criteria Decision Analysis method selection systems (MCDA-MSS) and decision efficiency, with no substantive engagement with ethical concerns like fairness, harm, accountability, or justice.",279,56,,,,0,0
2109.06505,2021,sections,"SCORE: 0
REASON: The paper is entirely focused on algorithmic optimization of task scheduling and gamification using SMDPs, with no substantive engagement with ethical concerns such as fairness, harm, accountability, or justice.",0,"The paper is entirely focused on algorithmic optimization of task scheduling and gamification using SMDPs, with no substantive engagement with ethical concerns such as fairness, harm, accountability, or justice.",1881,52,,,,0,0
2109.01954,2021,sections,"SCORE: 0
REASON: The paper is entirely focused on technical performance of reinforcement learning algorithms in a game environment, with no engagement with ethical concerns such as fairness, harm, accountability, or governance.",0,"The paper is entirely focused on technical performance of reinforcement learning algorithms in a game environment, with no engagement with ethical concerns such as fairness, harm, accountability, or governance.",1015,48,,,,0,0
2105.00694,2021,sections,"SCORE: 0
REASON: The paper focuses entirely on technical performance comparisons of forecasting algorithms (Prophet, DeepAR+, CNN-QR) for sales prediction, with no engagement with normative ethical concerns such as fairness, harm, accountability, or governance.",0,"The paper focuses entirely on technical performance comparisons of forecasting algorithms (Prophet, DeepAR+, CNN-QR) for sales prediction, with no engagement with normative ethical concerns such as fairness, harm, accountability, or governance.",1441,63,,,,0,0
2110.09624,2021,sections,"SCORE: 0
REASON: The paper is entirely focused on computational resource allocation and mathematical optimization of metareasoning processes, with no engagement with ethical concerns such as fairness, harm, accountability, or governance.",0,"The paper is entirely focused on computational resource allocation and mathematical optimization of metareasoning processes, with no engagement with ethical concerns such as fairness, harm, accountability, or governance.",1069,49,,,,0,0
2101.04640,2021,sections,"SCORE: 0
REASON: The paper focuses entirely on technical aspects of commonsense knowledge representation, graph organization, and NLP benchmarking, with no normative engagement with fairness, harm, accountability, or governance concerns.",0,"The paper focuses entirely on technical aspects of commonsense knowledge representation, graph organization, and NLP benchmarking, with no normative engagement with fairness, harm, accountability, or governance concerns.",1508,53,,,,0,0
2103.08391,2021,sections,"SCORE: 0
REASON: The paper's use of ""fairness"" refers exclusively to a formal technical property in non-deterministic planning (whether outcomes can be skipped infinitely), with no engagement with normative ethical concerns about fairness, harm, accountability, or justice.",0,"The paper's use of ""fairness"" refers exclusively to a formal technical property in non-deterministic planning (whether outcomes can be skipped infinitely), with no engagement with normative ethical concerns about fairness, harm, accountability, or justice.",1506,63,,,,0,0
2108.06742,2021,sections,"SCORE: 0
REASON: The paper focuses entirely on technical contributions—ontology development and schema matching for COVID-19 banking data integration—with no normative engagement with fairness, harm, accountability, or governance concerns.",0,"The paper focuses entirely on technical contributions—ontology development and schema matching for COVID-19 banking data integration—with no normative engagement with fairness, harm, accountability, or governance concerns.",1014,52,,,,0,0
2209.04911,2022,sections,"SCORE: 0
REASON: The paper focuses entirely on technical AI game-solving approaches for the puzzle game ""Baba is You,"" with no engagement with normative ethical concerns such as fairness, harm, accountability, or governance.",0,"The paper focuses entirely on technical AI game-solving approaches for the puzzle game ""Baba is You,"" with no engagement with normative ethical concerns such as fairness, harm, accountability, or governance.",807,54,,,,0,0
2204.14172,2022,sections,"SCORE: 0
REASON: The paper is purely a technical study of ontology-mediated querying, description logics, and exact learning algorithms, with no engagement with ethical concerns such as fairness, harm, accountability, or governance.",0,"The paper is purely a technical study of ontology-mediated querying, description logics, and exact learning algorithms, with no engagement with ethical concerns such as fairness, harm, accountability, or governance.",1345,55,,,,0,0
2208.11173,2022,fallback_no_target_sections,"SCORE: 0
REASON: The paper briefly acknowledges potential societal impact and abuse in passing, but its focus is entirely on technical research methodology for computational intelligence, with no substantive normative analysis of fairness, harm, accountability, or governance.",0,"The paper briefly acknowledges potential societal impact and abuse in passing, but its focus is entirely on technical research methodology for computational intelligence, with no substantive normative analysis of fairness, harm, accountability, or governance.",625,57,,,,0,0
2202.02776,2022,sections,"SCORE: 1
REASON: The paper substantively engages with AI ethics by proposing a governance framework explicitly grounded in human rights, democracy, rule of law, fairness, accountability, and individual autonomy, referencing international human rights standards and normative impact assessment methodologies.",1,"The paper substantively engages with AI ethics by proposing a governance framework explicitly grounded in human rights, democracy, rule of law, fairness, accountability, and individual autonomy, referencing international human rights standards and normative impact assessment methodologies.",1467,64,"CATEGORY: B
REASON: The paper proposes a governance and compliance framework (HUDERAF/HUDERIA) for AI systems grounded in human rights, democracy, and rule of law standards, focusing on audit mechanisms, impact assessments, oversight procedures, and institutional accountability structures developed for the Council of Europe.",B,"The paper proposes a governance and compliance framework (HUDERAF/HUDERIA) for AI systems grounded in human rights, democracy, and rule of law standards, focusing on audit mechanisms, impact assessments, oversight procedures, and institutional accountability structures developed for the Council of Europe.",1491,70
2206.05497,2022,sections,"SCORE: 0
REASON: The paper focuses entirely on technical methods for procedural content generation using machine learning and evolutionary algorithms, with no engagement with ethical concerns such as fairness, harm, accountability, or governance.",0,"The paper focuses entirely on technical methods for procedural content generation using machine learning and evolutionary algorithms, with no engagement with ethical concerns such as fairness, harm, accountability, or governance.",1411,49,,,,0,0
2206.08788,2022,sections,"SCORE: 0
REASON: The paper focuses on technical robustness evaluation of fake news detectors (adversarial attacks, backdoor attacks, bias in model features) without engaging in normative ethical analysis of fairness, accountability, harm to society, or governance frameworks.",0,"The paper focuses on technical robustness evaluation of fake news detectors (adversarial attacks, backdoor attacks, bias in model features) without engaging in normative ethical analysis of fairness, accountability, harm to society, or governance frameworks.",842,62,,,,0,0
2208.11349,2022,fallback_no_target_sections,"SCORE: 0
REASON: The paper focuses entirely on technical improvements to reinforcement learning exploration via curiosity-driven intrinsic rewards, with no engagement with ethical concerns such as fairness, harm, accountability, or governance.",0,"The paper focuses entirely on technical improvements to reinforcement learning exploration via curiosity-driven intrinsic rewards, with no engagement with ethical concerns such as fairness, harm, accountability, or governance.",1474,52,,,,0,0
2208.02183,2022,sections,"SCORE: 0
REASON: The paper's use of terms like ""fair comparison"" and mentions of ""safe driving"" and ""privacy"" are purely technical or incidental, with no substantive normative engagement with fairness, harm, accountability, justice, or AI governance.",0,"The paper's use of terms like ""fair comparison"" and mentions of ""safe driving"" and ""privacy"" are purely technical or incidental, with no substantive normative engagement with fairness, harm, accountability, justice, or AI governance.",1571,62,,,,0,0
2205.02328,2022,sections,"SCORE: 0
REASON: While the paper briefly mentions inequality and pro-social behavior, these are treated as performance observations and technical metrics rather than as subjects of genuine normative ethical concern about fairness, harm, or justice.",0,"While the paper briefly mentions inequality and pro-social behavior, these are treated as performance observations and technical metrics rather than as subjects of genuine normative ethical concern about fairness, harm, or justice.",1173,52,,,,0,0
2206.08932,2022,sections,"SCORE: 0
REASON: The paper focuses entirely on empirically measuring GPT-3's creative performance against human benchmarks using psychological metrics, with no substantive engagement with normative ethical concerns about fairness, harm, accountability, or governance.",0,"The paper focuses entirely on empirically measuring GPT-3's creative performance against human benchmarks using psychological metrics, with no substantive engagement with normative ethical concerns about fairness, harm, accountability, or governance.",1658,56,,,,0,0
2206.06279,2022,sections,"SCORE: 0
REASON: The only ethics mention is a boilerplate declaration stating ethics approval is not applicable, with no substantive normative engagement with fairness, harm, accountability, or governance.",0,"The only ethics mention is a boilerplate declaration stating ethics approval is not applicable, with no substantive normative engagement with fairness, harm, accountability, or governance.",204,47,,,,0,0
2201.10453,2022,sections,"SCORE: 0
REASON: The paper focuses entirely on combinatorial optimization, routing algorithms, and competition results, with no substantive normative engagement with fairness, harm, accountability, or governance.",0,"The paper focuses entirely on combinatorial optimization, routing algorithms, and competition results, with no substantive normative engagement with fairness, harm, accountability, or governance.",809,46,,,,0,0
2203.09952,2022,sections,"SCORE: 0
REASON: The paper focuses entirely on technical robustness against sensor anomalies (""ghost vehicles"") in autonomous driving, with no substantive engagement with normative ethical concerns such as fairness, accountability, or governance.",0,"The paper focuses entirely on technical robustness against sensor anomalies (""ghost vehicles"") in autonomous driving, with no substantive engagement with normative ethical concerns such as fairness, accountability, or governance.",541,54,,,,0,0
2204.12568,2022,sections,"SCORE: 0
REASON: The paper focuses on technical explainability methods for multi-agent reinforcement learning, with no substantive engagement with normative ethical concerns like fairness, harm, accountability, or justice.",0,"The paper focuses on technical explainability methods for multi-agent reinforcement learning, with no substantive engagement with normative ethical concerns like fairness, harm, accountability, or justice.",358,50,,,,0,0
2204.03514,2022,sections,"SCORE: 0
REASON: The paper focuses entirely on technical aspects of imitation learning for embodied navigation robots, with no substantive engagement with normative ethical concerns such as fairness, harm, accountability, or governance.",0,"The paper focuses entirely on technical aspects of imitation learning for embodied navigation robots, with no substantive engagement with normative ethical concerns such as fairness, harm, accountability, or governance.",1517,51,,,,0,0
2207.03380,2022,sections,"SCORE: 0
REASON: The paper is a neuroscience study comparing language models' ability to predict fMRI brain activity, with no substantive engagement with AI ethics, fairness, harm, accountability, or governance.",0,"The paper is a neuroscience study comparing language models' ability to predict fMRI brain activity, with no substantive engagement with AI ethics, fairness, harm, accountability, or governance.",1613,52,,,,0,0
2207.01595,2022,sections,"SCORE: 0
REASON: The paper focuses entirely on technical performance comparison of deep learning models for energy forecasting, with no engagement with fairness, harm, accountability, or governance concerns.",0,"The paper focuses entirely on technical performance comparison of deep learning models for energy forecasting, with no engagement with fairness, harm, accountability, or governance concerns.",618,44,,,,0,0
2203.11743,2022,sections,"SCORE: 0
REASON: The paper is a technical analysis of dataset characteristics (annotation quality, class distribution, scene layout) for trajectory prediction, with no substantive engagement with normative ethical concerns like fairness, harm, accountability, or justice.",0,"The paper is a technical analysis of dataset characteristics (annotation quality, class distribution, scene layout) for trajectory prediction, with no substantive engagement with normative ethical concerns like fairness, harm, accountability, or justice.",1376,56,,,,0,0
2205.01265,2022,fallback_no_target_sections,"SCORE: 0
REASON: The paper focuses entirely on technical student modeling and program synthesis for educational tutoring systems, with no substantive engagement with normative ethical concerns such as fairness, harm, accountability, or governance.",0,"The paper focuses entirely on technical student modeling and program synthesis for educational tutoring systems, with no substantive engagement with normative ethical concerns such as fairness, harm, accountability, or governance.",2250,51,,,,0,0
2205.07502,2022,sections,"SCORE: 0
REASON: The paper focuses on technical cybersecurity modeling across physical, network, and social domains, with no substantive engagement with ethical concerns such as fairness, harm, accountability, or governance.",0,"The paper focuses on technical cybersecurity modeling across physical, network, and social domains, with no substantive engagement with ethical concerns such as fairness, harm, accountability, or governance.",636,50,,,,0,0
2201.07032,2022,sections,"SCORE: 0
REASON: The paper focuses on methodological and mathematical challenges of applying computational methods to comparative text and object analysis, with no substantive engagement with ethical concerns such as fairness, harm, accountability, or governance.",0,"The paper focuses on methodological and mathematical challenges of applying computational methods to comparative text and object analysis, with no substantive engagement with ethical concerns such as fairness, harm, accountability, or governance.",929,52,,,,0,0
2202.09722,2022,sections,"SCORE: 0
REASON: The paper is purely technical, focusing on a pheromone-based multi-agent reinforcement learning communication framework with no engagement with normative ethical concerns such as fairness, harm, accountability, or governance.",0,"The paper is purely technical, focusing on a pheromone-based multi-agent reinforcement learning communication framework with no engagement with normative ethical concerns such as fairness, harm, accountability, or governance.",1164,55,,,,0,0
2202.01030,2022,sections,"SCORE: 0
REASON: This paper is purely technical, focused on runtime distributions and clause learning in SAT solvers, with no engagement with normative ethical concerns such as fairness, harm, accountability, or governance.",0,"This paper is purely technical, focused on runtime distributions and clause learning in SAT solvers, with no engagement with normative ethical concerns such as fairness, harm, accountability, or governance.",1425,51,,,,0,0
2202.01256,2022,sections,"SCORE: 0
REASON: The paper focuses entirely on logistics optimization, vehicle routing algorithms, and competition benchmarking, with no engagement with ethical concerns such as fairness, harm, accountability, or governance.",0,"The paper focuses entirely on logistics optimization, vehicle routing algorithms, and competition benchmarking, with no engagement with ethical concerns such as fairness, harm, accountability, or governance.",1172,48,,,,0,0
2205.07635,2022,sections,"SCORE: 0
REASON: The paper is purely technical/philosophical in nature, focused on formalizing the concept of ""information"" mathematically, with no engagement with AI ethics topics such as fairness, harm, accountability, or governance.",0,"The paper is purely technical/philosophical in nature, focused on formalizing the concept of ""information"" mathematically, with no engagement with AI ethics topics such as fairness, harm, accountability, or governance.",374,55,,,,0,0
2207.10991,2022,fallback_no_target_sections,"SCORE: 1
REASON: The paper explicitly engages with normative concerns about fairness, justice, societal harm, and accountability for historically marginalized groups, framing algorithmic fairness as a matter of legal compliance, social responsibility, and ethical obligation rather than merely a technical performance metric.",1,"The paper explicitly engages with normative concerns about fairness, justice, societal harm, and accountability for historically marginalized groups, framing algorithmic fairness as a matter of legal compliance, social responsibility, and ethical obligation rather than merely a technical performance metric.",880,66,"CATEGORY: A
REASON: The paper primarily focuses on technical aspects of algorithmic fairness, including sources and measures of bias, bias mitigation algorithms, and fairness metrics in the context of business analytics systems.",A,"The paper primarily focuses on technical aspects of algorithmic fairness, including sources and measures of bias, bias mitigation algorithms, and fairness metrics in the context of business analytics systems.",904,48
2201.10334,2022,sections,"SCORE: 0
REASON: The paper focuses entirely on technical metrics for measuring game level diversity and difficulty using agent-based methods, with no engagement with AI ethics, fairness, harm, accountability, or governance.",0,"The paper focuses entirely on technical metrics for measuring game level diversity and difficulty using agent-based methods, with no engagement with AI ethics, fairness, harm, accountability, or governance.",357,49,,,,0,0
2206.05675,2022,sections,"SCORE: 0
REASON: The paper focuses entirely on technical aspects of uncertainty quantification and decision-making in AI/ML systems, with no substantive normative engagement with fairness, harm, accountability, justice, or governance.",0,"The paper focuses entirely on technical aspects of uncertainty quantification and decision-making in AI/ML systems, with no substantive normative engagement with fairness, harm, accountability, justice, or governance.",1242,53,,,,0,0
2208.05627,2022,sections,"SCORE: 0
REASON: The paper focuses entirely on technical knowledge representation and probabilistic reasoning for sensor data interpretation, with no engagement with ethical concerns such as fairness, harm, accountability, or governance.",0,"The paper focuses entirely on technical knowledge representation and probabilistic reasoning for sensor data interpretation, with no engagement with ethical concerns such as fairness, harm, accountability, or governance.",737,47,,,,0,0
2206.07167,2022,sections,"SCORE: 0
REASON: The paper uses ""moral"" as an analogical dimension for categorizing narrative content in fables, treating it as a technical classification label rather than engaging with genuine normative concerns about fairness, harm, accountability, or AI governance.",0,"The paper uses ""moral"" as an analogical dimension for categorizing narrative content in fables, treating it as a technical classification label rather than engaging with genuine normative concerns about fairness, harm, accountability, or AI governance.",2058,59,,,,0,0
2208.08035,2022,sections,"SCORE: 0
REASON: The paper focuses on technical performance metrics (recommendation accuracy, conversation quality) and uses ""explainability"" and ""trustworthy"" in a purely technical sense without engaging with normative ethical concerns like fairness, harm, or accountability.",0,"The paper focuses on technical performance metrics (recommendation accuracy, conversation quality) and uses ""explainability"" and ""trustworthy"" in a purely technical sense without engaging with normative ethical concerns like fairness, harm, or accountability.",440,60,,,,0,0
2209.07667,2022,sections,"SCORE: 1
REASON: The paper substantively engages with AI ethics by addressing consent, harm to human artists, accountability of dataset/model creators, and governance through proposed regulatory and community guidelines.",1,"The paper substantively engages with AI ethics by addressing consent, harm to human artists, accountability of dataset/model creators, and governance through proposed regulatory and community guidelines.",443,46,"CATEGORY: B
REASON: The paper primarily frames AI ethics around regulatory oversight, licensing enforcement, consent mechanisms, and policy recommendations to protect artists, situating the issue within governance and compliance structures.",B,"The paper primarily frames AI ethics around regulatory oversight, licensing enforcement, consent mechanisms, and policy recommendations to protect artists, situating the issue within governance and compliance structures.",467,44
2202.04890,2022,sections,"SCORE: 0
REASON: The paper focuses entirely on technical methods for active learning in aircraft detection for defense applications, with no substantive engagement with ethical concerns such as fairness, accountability, harm, or governance.",0,"The paper focuses entirely on technical methods for active learning in aircraft detection for defense applications, with no substantive engagement with ethical concerns such as fairness, accountability, harm, or governance.",1178,49,,,,0,0
2205.03447,2022,sections,"SCORE: 0
REASON: The paper focuses entirely on technical aspects of ontology alignment/matching systems, with no substantive engagement with normative ethical concerns such as fairness, harm, accountability, or justice.",0,"The paper focuses entirely on technical aspects of ontology alignment/matching systems, with no substantive engagement with normative ethical concerns such as fairness, harm, accountability, or justice.",385,49,,,,0,0
2201.03709,2022,sections,"SCORE: 0
REASON: The paper focuses entirely on technical aspects of Pavlovian signaling, emergent communication, and agent-agent interaction mechanisms, with no substantive engagement with normative ethical concerns such as fairness, harm, accountability, or governance.",0,"The paper focuses entirely on technical aspects of Pavlovian signaling, emergent communication, and agent-agent interaction mechanisms, with no substantive engagement with normative ethical concerns such as fairness, harm, accountability, or governance.",1517,60,,,,0,0
2204.04242,2022,sections,"SCORE: 0
REASON: The paper is entirely focused on technical improvements to interactive pattern mining algorithms (sampling methods, feature descriptors, regret minimization) with no substantive engagement with ethical concerns such as fairness, harm, accountability, or governance.",0,"The paper is entirely focused on technical improvements to interactive pattern mining algorithms (sampling methods, feature descriptors, regret minimization) with no substantive engagement with ethical concerns such as fairness, harm, accountability, or governance.",1060,58,,,,0,0
2209.01535,2022,sections,"SCORE: 0
REASON: The paper focuses on computational optimization of evacuation routes and schedules, with only a passing mention of ""social vulnerability"" in the conclusion without any substantive normative discussion of fairness, equity, or justice concerns.",0,"The paper focuses on computational optimization of evacuation routes and schedules, with only a passing mention of ""social vulnerability"" in the conclusion without any substantive normative discussion of fairness, equity, or justice concerns.",973,56,,,,0,0
2206.02216,2022,sections,"SCORE: 0
REASON: The paper focuses entirely on technical aspects of multi-armed bandit problems, counterfactual interventions, and regret minimization, with no substantive engagement with ethical concerns such as fairness, harm, accountability, or governance.",0,"The paper focuses entirely on technical aspects of multi-armed bandit problems, counterfactual interventions, and regret minimization, with no substantive engagement with ethical concerns such as fairness, harm, accountability, or governance.",476,60,,,,0,0
2208.03423,2022,sections,"SCORE: 0
REASON: This paper is entirely focused on mechanical engineering design optimization for spring selection, with no engagement with AI ethics, fairness, harm, accountability, or governance.",0,"This paper is entirely focused on mechanical engineering design optimization for spring selection, with no engagement with AI ethics, fairness, harm, accountability, or governance.",1574,43,,,,0,0
2205.03151,2022,sections,"SCORE: 0
REASON: This paper is a formal mathematical study of argumentation framework semantics and principles, with no engagement with normative ethical concerns such as fairness, harm, accountability, or governance.",0,"This paper is a formal mathematical study of argumentation framework semantics and principles, with no engagement with normative ethical concerns such as fairness, harm, accountability, or governance.",1682,48,,,,0,0
2206.07988,2022,sections,"SCORE: 0
REASON: The paper focuses entirely on technical NLP tasks (code-mixed text quality prediction, feature engineering, and regression modeling) with no substantive engagement with normative ethical concerns such as fairness, harm, accountability, or governance.",0,"The paper focuses entirely on technical NLP tasks (code-mixed text quality prediction, feature engineering, and regression modeling) with no substantive engagement with normative ethical concerns such as fairness, harm, accountability, or governance.",1093,58,,,,0,0
2206.11996,2022,sections,"SCORE: 0
REASON: The paper's discussion of ""equity"" and ""safety"" refers to technical performance metrics like minimizing delay and using accident modification factors for different road user classes, without engaging in normative ethical reasoning about fairness, accountability, or justice.",0,"The paper's discussion of ""equity"" and ""safety"" refers to technical performance metrics like minimizing delay and using accident modification factors for different road user classes, without engaging in normative ethical reasoning about fairness, accountability, or justice.",1347,60,,,,0,0
2203.16275,2022,sections,"SCORE: 1
REASON: The paper substantively engages with AI ethics by developing a formal framework for encoding ethical and legal norms into reinforcement learning agents, reasoning about normative conflicts, and addressing genuine concerns about how autonomous agents should comply with ethical obligations and prohibitions.",1,"The paper substantively engages with AI ethics by developing a formal framework for encoding ethical and legal norms into reinforcement learning agents, reasoning about normative conflicts, and addressing genuine concerns about how autonomous agents should comply with ethical obligations and prohibitions.",1761,62,"CATEGORY: A
REASON: The paper develops a technical framework using defeasible deontic logic and multi-objective reinforcement learning to formally specify and enforce ethical constraints (safety/compliance) in autonomous agents through reward/punishment mechanisms.",A,The paper develops a technical framework using defeasible deontic logic and multi-objective reinforcement learning to formally specify and enforce ethical constraints (safety/compliance) in autonomous agents through reward/punishment mechanisms.,1785,53
2207.14760,2022,sections,"SCORE: 0
REASON: The paper focuses entirely on technical contributions in self-supervised learning for user modeling, with no engagement with normative concerns about fairness, privacy, accountability, or harm.",0,"The paper focuses entirely on technical contributions in self-supervised learning for user modeling, with no engagement with normative concerns about fairness, privacy, accountability, or harm.",913,46,,,,0,0
2206.00474,2022,sections,"SCORE: 1
REASON: The paper substantively engages with AI ethics by addressing fairness as a genuine normative concern in high-stakes domains (loan applications), involving stakeholder co-design to identify fairness requirements, and explicitly aiming to make AI systems ""fairer and more transparent for everyone"" through accountability-focused human-in-the-loop design.",1,"The paper substantively engages with AI ethics by addressing fairness as a genuine normative concern in high-stakes domains (loan applications), involving stakeholder co-design to identify fairness requirements, and explicitly aiming to make AI systems ""fairer and more transparent for everyone"" through accountability-focused human-in-the-loop design.",1242,82,"CATEGORY: A
REASON: The paper focuses on designing user interfaces and technical tools (FairHIL) to support human-in-the-loop fairness investigations, centering on fairness metrics, visualization of AI model outputs, and technical evaluation of fairness concepts within ML systems.",A,"The paper focuses on designing user interfaces and technical tools (FairHIL) to support human-in-the-loop fairness investigations, centering on fairness metrics, visualization of AI model outputs, and technical evaluation of fairness concepts within ML systems.",1266,65
2205.13504,2022,sections,"SCORE: 0
REASON: The paper focuses entirely on technical comparisons between forecasting models (Transformer-based vs. linear), with no engagement with ethical concerns such as fairness, harm, accountability, or governance.",0,"The paper focuses entirely on technical comparisons between forecasting models (Transformer-based vs. linear), with no engagement with ethical concerns such as fairness, harm, accountability, or governance.",482,51,,,,0,0
2201.11876,2022,sections,"SCORE: 0
REASON: The paper is purely technical, focusing on optimization problems for multi-sensor data integration using mathematical frameworks like posets and message passing algorithms, with no engagement with ethical concerns.",0,"The paper is purely technical, focusing on optimization problems for multi-sensor data integration using mathematical frameworks like posets and message passing algorithms, with no engagement with ethical concerns.",410,46,,,,0,0
2209.03990,2022,fallback_no_target_sections,"SCORE: 0
REASON: The paper focuses on AI opportunities, industry applications, and strategic positioning of Bosnia and Herzegovina in the AI landscape, with no substantive normative engagement with fairness, harm, accountability, or governance ethics.",0,"The paper focuses on AI opportunities, industry applications, and strategic positioning of Bosnia and Herzegovina in the AI landscape, with no substantive normative engagement with fairness, harm, accountability, or governance ethics.",871,53,,,,0,0
2206.03491,2022,sections,"SCORE: 0
REASON: While the paper mentions trustworthiness, safety, and social context of explanations, its use of ""fairness"" refers to a technical metric for evaluating explainer compactness/quality, and the ethical concerns raised (confidence, privacy, security) are framed only as motivation for XAI research rather than substantively engaged through normative analysis.",0,"While the paper mentions trustworthiness, safety, and social context of explanations, its use of ""fairness"" refers to a technical metric for evaluating explainer compactness/quality, and the ethical concerns raised (confidence, privacy, security) are framed only as motivation for XAI research rather than substantively engaged through normative analysis.",934,86,,,,0,0
2206.06202,2022,sections,"SCORE: 0
REASON: The paper focuses entirely on a technical method for incorporating hard inequality constraints into neural network training, with no discussion of fairness, harm, accountability, or any normative ethical concerns.",0,"The paper focuses entirely on a technical method for incorporating hard inequality constraints into neural network training, with no discussion of fairness, harm, accountability, or any normative ethical concerns.",1021,48,,,,0,0
2306.07353,2023,sections,"SCORE: 0
REASON: The paper is purely technical, focusing on extending a hierarchical planning language (HDDL) with temporal and numerical features, with no normative concern about fairness, harm, accountability, or governance.",0,"The paper is purely technical, focusing on extending a hierarchical planning language (HDDL) with temporal and numerical features, with no normative concern about fairness, harm, accountability, or governance.",1774,54,,,,0,0
2306.05801,2023,sections,"SCORE: 0
REASON: The paper focuses entirely on using XAI techniques to improve model classification performance, with no substantive engagement with normative ethical concerns such as fairness, accountability, or harm.",0,"The paper focuses entirely on using XAI techniques to improve model classification performance, with no substantive engagement with normative ethical concerns such as fairness, accountability, or harm.",575,48,,,,0,0
2303.07957,2023,sections,"SCORE: 0
REASON: The paper is purely technical, focusing on text summarization methods, accuracy, and precision metrics, with no substantive engagement with ethical concerns such as fairness, harm, accountability, or governance.",0,"The paper is purely technical, focusing on text summarization methods, accuracy, and precision metrics, with no substantive engagement with ethical concerns such as fairness, harm, accountability, or governance.",891,51,,,,0,0
2302.01241,2023,sections,"SCORE: 0
REASON: The paper focuses on improving AI interpretability and explainability through domain-aligned diagrammatic and abductive reasoning for technical performance gains, with accountability mentioned only as motivation rather than engaging substantively with normative concerns about fairness, harm, or governance.",0,"The paper focuses on improving AI interpretability and explainability through domain-aligned diagrammatic and abductive reasoning for technical performance gains, with accountability mentioned only as motivation rather than engaging substantively with normative concerns about fairness, harm, or governance.",944,64,,,,0,0
2303.01300,2023,sections,"SCORE: 0
REASON: The paper focuses on technical performance optimization in human-AI hybrid teams, with mentions of user burden and cognitive load being practical usability concerns rather than substantive normative engagement with fairness, harm, accountability, or justice.",0,"The paper focuses on technical performance optimization in human-AI hybrid teams, with mentions of user burden and cognitive load being practical usability concerns rather than substantive normative engagement with fairness, harm, accountability, or justice.",621,57,,,,0,0
2306.17408,2023,sections,"SCORE: 1
REASON: The ethical considerations section genuinely engages with normative concerns, specifically addressing harms from false positives affecting legitimate users, inherited biases from language models perpetuating stereotypes, GNN discrimination against demographic groups, and the importance of human oversight rather than fully automated decision-making.",1,"The ethical considerations section genuinely engages with normative concerns, specifically addressing harms from false positives affecting legitimate users, inherited biases from language models perpetuating stereotypes, GNN discrimination against demographic groups, and the importance of human oversight rather than fully automated decision-making.",970,70,"CATEGORY: A
REASON: The paper primarily focuses on technical methods for bot detection—specifically distilling graph neural network knowledge into language models—with ethical considerations briefly noting fairness and bias issues as secondary concerns.",A,The paper primarily focuses on technical methods for bot detection—specifically distilling graph neural network knowledge into language models—with ethical considerations briefly noting fairness and bias issues as secondary concerns.,994,47
2302.11761,2023,sections,"SCORE: 0
REASON: The paper is purely technical, focusing on MDP formulations, approximation algorithms, and performance bounds for intermittently observable systems, with no normative engagement with fairness, harm, accountability, or governance.",0,"The paper is purely technical, focusing on MDP formulations, approximation algorithms, and performance bounds for intermittently observable systems, with no normative engagement with fairness, harm, accountability, or governance.",764,55,,,,0,0
2302.00561,2023,sections,"SCORE: 0
REASON: The paper focuses on user experience and design stages in text-to-image generation for creative applications, with no substantive engagement with ethical concerns such as fairness, harm, accountability, or governance.",0,"The paper focuses on user experience and design stages in text-to-image generation for creative applications, with no substantive engagement with ethical concerns such as fairness, harm, accountability, or governance.",1249,52,,,,0,0
2303.05038,2023,sections,"SCORE: 0
REASON: The paper focuses entirely on technical improvements to reinforcement learning efficiency through auxiliary task generation, with no substantive engagement with ethical concepts such as fairness, harm, accountability, or governance.",0,"The paper focuses entirely on technical improvements to reinforcement learning efficiency through auxiliary task generation, with no substantive engagement with ethical concepts such as fairness, harm, accountability, or governance.",1179,49,,,,0,0
2301.06926,2023,sections,"SCORE: 0
REASON: The paper focuses entirely on technical modeling of theory of mind in AI agents using memory and attention mechanisms, with no substantive engagement with ethical concerns such as fairness, harm, accountability, or governance.",0,"The paper focuses entirely on technical modeling of theory of mind in AI agents using memory and attention mechanisms, with no substantive engagement with ethical concerns such as fairness, harm, accountability, or governance.",729,52,,,,0,0
2304.11794,2023,sections,"SCORE: 0
REASON: The paper focuses entirely on technical performance improvements (AUC, AUC-PR) for clinical prediction tasks using metric learning and fine-tuning, with no substantive engagement with ethical concerns such as fairness, harm, accountability, or governance.",0,"The paper focuses entirely on technical performance improvements (AUC, AUC-PR) for clinical prediction tasks using metric learning and fine-tuning, with no substantive engagement with ethical concerns such as fairness, harm, accountability, or governance.",433,64,,,,0,0
2302.10146,2023,sections,"SCORE: 0
REASON: The paper references ethics and sustainability in a retail/generational context, with no substantive normative engagement with AI-specific concerns like fairness, harm, accountability, or governance of AI systems.",0,"The paper references ethics and sustainability in a retail/generational context, with no substantive normative engagement with AI-specific concerns like fairness, harm, accountability, or governance of AI systems.",276,52,,,,0,0
2303.13168,2023,sections,"SCORE: 0
REASON: The paper is purely a formal logic and uncertainty theory contribution, focusing on technical development of belief function logics and modal/fuzzy logic frameworks, with no engagement with normative ethical concerns such as fairness, harm, accountability, or governance.",0,"The paper is purely a formal logic and uncertainty theory contribution, focusing on technical development of belief function logics and modal/fuzzy logic frameworks, with no engagement with normative ethical concerns such as fairness, harm, accountability, or governance.",1578,61,,,,0,0
2306.04274,2023,sections,"SCORE: 0
REASON: The paper discusses governance and ownership structures of AI platforms primarily as technical and economic trade-offs (cost, centralization, monetization, reproducibility) rather than engaging substantively with normative ethical concerns like fairness, harm, or accountability.",0,"The paper discusses governance and ownership structures of AI platforms primarily as technical and economic trade-offs (cost, centralization, monetization, reproducibility) rather than engaging substantively with normative ethical concerns like fairness, harm, or accountability.",1005,61,,,,0,0
2306.11755,2023,sections,"SCORE: 0
REASON: The paper is purely technical, focusing on causal inference algorithms for identifying conditional post-interventional distributions, with no engagement with normative ethical concerns such as fairness, harm, or accountability.",0,"The paper is purely technical, focusing on causal inference algorithms for identifying conditional post-interventional distributions, with no engagement with normative ethical concerns such as fairness, harm, or accountability.",925,51,,,,0,0
2304.08861,2023,sections,"SCORE: 0
REASON: The paper focuses on measuring cognitive load, task performance, and mental efficiency of XAI explanation types from a usability/sociotechnical perspective, without substantively engaging with normative ethical concerns such as fairness, accountability, harm, or justice.",0,"The paper focuses on measuring cognitive load, task performance, and mental efficiency of XAI explanation types from a usability/sociotechnical perspective, without substantively engaging with normative ethical concerns such as fairness, accountability, harm, or justice.",1664,64,,,,0,0
2306.04025,2023,sections,"SCORE: 1
REASON: The paper substantively engages with AI ethics by explicitly discussing accountability, trust, fairness, bias, discrimination, social inequalities, harm in high-stakes domains, and governance frameworks (NIST RMF, EU AI Act) as motivating concerns for explainable AI development.",1,"The paper substantively engages with AI ethics by explicitly discussing accountability, trust, fairness, bias, discrimination, social inequalities, harm in high-stakes domains, and governance frameworks (NIST RMF, EU AI Act) as motivating concerns for explainable AI development.",1397,72,"CATEGORY: A
REASON: The paper primarily frames AI ethics through technical explainability and interpretability challenges, proposing active inference as a mechanism to address the ""black box"" problem via uncertainty quantification and self-modeling in AI systems.",A,"The paper primarily frames AI ethics through technical explainability and interpretability challenges, proposing active inference as a mechanism to address the ""black box"" problem via uncertainty quantification and self-modeling in AI systems.",1421,54
2305.12738,2023,sections,"SCORE: 0
REASON: The paper focuses entirely on technical improvements to logical rule learning for knowledge graph completion, with only a passing mention that ""modifying KGs has social impacts so rationales are preferred,"" which is incidental rather than a substantive ethical engagement.",0,"The paper focuses entirely on technical improvements to logical rule learning for knowledge graph completion, with only a passing mention that ""modifying KGs has social impacts so rationales are preferred,"" which is incidental rather than a substantive ethical engagement.",956,60,,,,0,0
2303.04217,2023,sections,"SCORE: 0
REASON: The paper's introduction focuses on scientific and methodological applications of AI across research disciplines, with no substantive normative engagement with fairness, harm, accountability, or governance.",0,"The paper's introduction focuses on scientific and methodological applications of AI across research disciplines, with no substantive normative engagement with fairness, harm, accountability, or governance.",639,47,,,,0,0
2305.06951,2023,sections,"SCORE: 0
REASON: The paper focuses entirely on algorithmic efficiency and parallelization of a constraint diagnosis algorithm, with no engagement with normative ethical concerns such as fairness, harm, accountability, or governance.",0,"The paper focuses entirely on algorithmic efficiency and parallelization of a constraint diagnosis algorithm, with no engagement with normative ethical concerns such as fairness, harm, accountability, or governance.",2331,50,,,,0,0
2305.16708,2023,sections,"SCORE: 0
REASON: The paper focuses entirely on technical improvements to human-AI collaboration through hierarchical reinforcement learning, with no substantive engagement with ethical concerns such as fairness, harm, accountability, or justice.",0,"The paper focuses entirely on technical improvements to human-AI collaboration through hierarchical reinforcement learning, with no substantive engagement with ethical concerns such as fairness, harm, accountability, or justice.",436,51,,,,0,0
2306.00480,2023,sections,"SCORE: 0
REASON: The paper focuses entirely on technical improvements to neurosymbolic AI frameworks (computational complexity, expressiveness, data efficiency) with no substantive engagement with ethical concerns such as fairness, harm, accountability, or governance.",0,"The paper focuses entirely on technical improvements to neurosymbolic AI frameworks (computational complexity, expressiveness, data efficiency) with no substantive engagement with ethical concerns such as fairness, harm, accountability, or governance.",1470,57,,,,0,0
2301.10034,2023,sections,"SCORE: 0
REASON: The paper focuses entirely on technical challenges of goal-oriented policy learning in open-world environments (Minecraft), with no substantive engagement with ethical concerns such as fairness, harm, accountability, or governance.",0,"The paper focuses entirely on technical challenges of goal-oriented policy learning in open-world environments (Minecraft), with no substantive engagement with ethical concerns such as fairness, harm, accountability, or governance.",587,54,,,,0,0
2302.09425,2023,sections,"SCORE: 0
REASON: The paper discusses visual reasoning and physical object knowledge in an AI context with no engagement with ethical concerns such as fairness, harm, accountability, or governance.",0,"The paper discusses visual reasoning and physical object knowledge in an AI context with no engagement with ethical concerns such as fairness, harm, accountability, or governance.",405,43,,,,0,0
2304.01503,2023,sections,"SCORE: 0
REASON: This paper appears to be a technical evaluation of AI performance on medical/surgical exam questions, with no substantive engagement with AI ethics, fairness, harm, accountability, or governance.",0,"This paper appears to be a technical evaluation of AI performance on medical/surgical exam questions, with no substantive engagement with AI ethics, fairness, harm, accountability, or governance.",241,49,,,,0,0
2302.14442,2023,sections,"SCORE: 0
REASON: The paper addresses air pollution reduction through a technical algorithmic approach (Markov Chain Monte Carlo for traffic routing), with no substantive normative engagement with fairness, accountability, justice, or governance beyond briefly noting that low-income countries suffer more from pollution.",0,"The paper addresses air pollution reduction through a technical algorithmic approach (Markov Chain Monte Carlo for traffic routing), with no substantive normative engagement with fairness, accountability, justice, or governance beyond briefly noting that low-income countries suffer more from pollution.",2129,65,,,,0,0
2301.13576,2023,sections,"SCORE: 0
REASON: The paper focuses entirely on technical computer vision methods for sports gesture recognition in table tennis, with no engagement with ethical concerns such as fairness, harm, accountability, or governance.",0,"The paper focuses entirely on technical computer vision methods for sports gesture recognition in table tennis, with no engagement with ethical concerns such as fairness, harm, accountability, or governance.",484,47,,,,0,0
2305.18071,2023,sections,"SCORE: 0
REASON: The paper focuses entirely on technical formalism for multiagent cooperation (Pareto efficiency, consistency, best-response strategies) without engaging normatively with fairness, harm, accountability, or governance concerns.",0,"The paper focuses entirely on technical formalism for multiagent cooperation (Pareto efficiency, consistency, best-response strategies) without engaging normatively with fairness, harm, accountability, or governance concerns.",1229,54,,,,0,0
2306.02488,2023,sections,"SCORE: 1
REASON: The paper substantively engages with privacy as a normative concern—specifically protecting users from unwanted attribute inference on social media—framing its technical contributions around genuine harm reduction and individual autonomy over personal data disclosure.",1,The paper substantively engages with privacy as a normative concern—specifically protecting users from unwanted attribute inference on social media—framing its technical contributions around genuine harm reduction and individual autonomy over personal data disclosure.,1198,56,"CATEGORY: A
REASON: The paper focuses on adversarial text generation as a technical privacy-protection mechanism (attribute obfuscation) against inference attacks on social media, which falls squarely within technical AI ethics methods including adversarial testing and privacy-preserving techniques.",A,"The paper focuses on adversarial text generation as a technical privacy-protection mechanism (attribute obfuscation) against inference attacks on social media, which falls squarely within technical AI ethics methods including adversarial testing and privacy-preserving techniques.",1222,63
2303.02655,2023,sections,"SCORE: 0
REASON: The paper focuses on a technical method for generating counterfactuals and manipulating neural network perceptions, with only a brief future-work mention of ""learned biases"" that lacks any substantive normative engagement with fairness, harm, or accountability.",0,"The paper focuses on a technical method for generating counterfactuals and manipulating neural network perceptions, with only a brief future-work mention of ""learned biases"" that lacks any substantive normative engagement with fairness, harm, or accountability.",537,64,,,,0,0
2305.18269,2023,sections,"SCORE: 1
REASON: The paper substantively engages with AI ethics by developing a normative framework for evaluating whether AI agents act morally for the right reasons, drawing on moral philosophy (Kantian ethics, intentionality, blame/praise) and explicitly addressing accountability and moral cognition in AI systems.",1,"The paper substantively engages with AI ethics by developing a normative framework for evaluating whether AI agents act morally for the right reasons, drawing on moral philosophy (Kantian ethics, intentionality, blame/praise) and explicitly addressing accountability and moral cognition in AI systems.",1091,71,"CATEGORY: A
REASON: The paper proposes a behavioral evaluation scheme and cost-sensitivity analysis framework for assessing moral cognition in reinforcement learning agents, framing AI ethics primarily as a technical measurement and safety constraint problem.",A,"The paper proposes a behavioral evaluation scheme and cost-sensitivity analysis framework for assessing moral cognition in reinforcement learning agents, framing AI ethics primarily as a technical measurement and safety constraint problem.",1115,51
2305.05403,2023,sections,"SCORE: 0
REASON: The paper focuses on technical problems of knowledge base completeness, negative knowledge representation, and recall estimation, with no substantive engagement with ethical concerns like fairness, harm, accountability, or governance.",0,"The paper focuses on technical problems of knowledge base completeness, negative knowledge representation, and recall estimation, with no substantive engagement with ethical concerns like fairness, harm, accountability, or governance.",638,51,,,,0,0
2301.05154,2023,sections,"SCORE: 1
REASON: The paper explicitly acknowledges normative concerns about worker underpayment, mistreatment, dataset bias, and data licensing, framing these as genuine ethical responsibilities for researchers using the platform.",1,"The paper explicitly acknowledges normative concerns about worker underpayment, mistreatment, dataset bias, and data licensing, framing these as genuine ethical responsibilities for researchers using the platform.",338,52,"CATEGORY: B
REASON: The ethical statement focuses on accountability mechanisms, oversight responsibilities, and compliance with best practices in crowdsourcing data collection, including worker treatment and data governance.",B,"The ethical statement focuses on accountability mechanisms, oversight responsibilities, and compliance with best practices in crowdsourcing data collection, including worker treatment and data governance.",362,42
2306.15711,2023,sections,"SCORE: 0
REASON: The paper discusses only technical limitations related to dataset design, model generalization, and multimodal alignment performance, with no engagement with normative ethical concerns such as fairness, harm, accountability, or governance.",0,"The paper discusses only technical limitations related to dataset design, model generalization, and multimodal alignment performance, with no engagement with normative ethical concerns such as fairness, harm, accountability, or governance.",817,54,,,,0,0
2306.14694,2023,sections,"SCORE: 0
REASON: The paper's ethical engagement is limited to a brief ethics board approval footnote, while the substantive content focuses on technical performance metrics (comprehension and satisfaction scores) and computational improvements to an argumentation-based explainability framework without addressing normative concerns about fairness, harm, accountability, or justice.",0,"The paper's ethical engagement is limited to a brief ethics board approval footnote, while the substantive content focuses on technical performance metrics (comprehension and satisfaction scores) and computational improvements to an argumentation-based explainability framework without addressing normative concerns about fairness, harm, accountability, or justice.",1933,74,,,,0,0
2305.08664,2023,sections,"SCORE: 0
REASON: The paper focuses on technical optimization of advisor selection and decision-making utility, and while it mentions loan approvals and fairness-adjacent applications, it does not engage with normative concerns about fairness, harm, accountability, or justice in any substantive way.",0,"The paper focuses on technical optimization of advisor selection and decision-making utility, and while it mentions loan approvals and fairness-adjacent applications, it does not engage with normative concerns about fairness, harm, accountability, or justice in any substantive way.",1143,65,,,,0,0
2303.15113,2023,sections,"SCORE: 0
REASON: The paper focuses on building an ontology and knowledge graph for symbolic-subsymbolic machine learning systems, with only technical mentions of ""audit support"" and ""auditability"" as engineering features, not substantive normative engagement with ethics, fairness, or governance.",0,"The paper focuses on building an ontology and knowledge graph for symbolic-subsymbolic machine learning systems, with only technical mentions of ""audit support"" and ""auditability"" as engineering features, not substantive normative engagement with ethics, fairness, or governance.",604,68,,,,0,0
2303.13494,2023,sections,"SCORE: 0
REASON: The paper focuses on formal logical modeling of attention and belief dynamics using Dynamic Epistemic Logic, engaging with cognitive science phenomena like inattentional blindness purely as technical motivation without substantive normative concern about fairness, harm, accountability, or governance.",0,"The paper focuses on formal logical modeling of attention and belief dynamics using Dynamic Epistemic Logic, engaging with cognitive science phenomena like inattentional blindness purely as technical motivation without substantive normative concern about fairness, harm, accountability, or governance.",1055,64,,,,0,0
2306.03236,2023,sections,"SCORE: 0
REASON: The paper's ethical engagement is limited to a brief, generic broader impact statement and a single sentence about potential harms from exploration in real-world deployment, with no substantive normative analysis of fairness, accountability, justice, or governance.",0,"The paper's ethical engagement is limited to a brief, generic broader impact statement and a single sentence about potential harms from exploration in real-world deployment, with no substantive normative analysis of fairness, accountability, justice, or governance.",1534,61,,,,0,0
2306.04031,2023,sections,"SCORE: 0
REASON: The paper focuses entirely on technical improvements to logical reasoning in LLMs through formal verification tools, with no substantive engagement with ethical concerns like fairness, harm, accountability, or governance.",0,"The paper focuses entirely on technical improvements to logical reasoning in LLMs through formal verification tools, with no substantive engagement with ethical concerns like fairness, harm, accountability, or governance.",878,50,,,,0,0
2306.03980,2023,sections,"SCORE: 0
REASON: The paper focuses on technical performance metrics (MAE, recall, F1-score, validity, sparsity) for clinical prediction models and counterfactual explanations, with no substantive normative discussion of fairness, harm, accountability, or governance in AI deployment.",0,"The paper focuses on technical performance metrics (MAE, recall, F1-score, validity, sparsity) for clinical prediction models and counterfactual explanations, with no substantive normative discussion of fairness, harm, accountability, or governance in AI deployment.",1043,69,,,,0,0
2302.03180,2023,sections,"SCORE: 0
REASON: The paper focuses on technical classification and mapping of XAI methods to users and use cases, with no substantive normative engagement with fairness, harm, accountability, or justice beyond incidental mentions of explainability as a practical need.",0,"The paper focuses on technical classification and mapping of XAI methods to users and use cases, with no substantive normative engagement with fairness, harm, accountability, or justice beyond incidental mentions of explainability as a practical need.",1418,61,,,,0,0
2302.11070,2023,sections,"SCORE: 0
REASON: The paper focuses entirely on technical challenges of robot morphology generalization and reinforcement learning architecture design, with no substantive engagement with ethical concerns such as fairness, harm, accountability, or governance.",0,"The paper focuses entirely on technical challenges of robot morphology generalization and reinforcement learning architecture design, with no substantive engagement with ethical concerns such as fairness, harm, accountability, or governance.",1335,52,,,,0,0
2305.15318,2023,sections,"SCORE: 0
REASON: The paper focuses entirely on technical implementation of counterfactual reasoning in probabilistic logic programming (ProbLog), with no engagement with normative ethical concerns such as fairness, harm, accountability, or governance.",0,"The paper focuses entirely on technical implementation of counterfactual reasoning in probabilistic logic programming (ProbLog), with no engagement with normative ethical concerns such as fairness, harm, accountability, or governance.",739,55,,,,0,0
2301.13138,2023,sections,"SCORE: 0
REASON: The paper is focused on developing a formal mathematical (linear algebra-based) taxonomy for XAI explanations, with only a passing mention of trust and transparency in life-critical domains, but no substantive normative engagement with fairness, harm, accountability, or governance.",0,"The paper is focused on developing a formal mathematical (linear algebra-based) taxonomy for XAI explanations, with only a passing mention of trust and transparency in life-critical domains, but no substantive normative engagement with fairness, harm, accountability, or governance.",918,68,,,,0,0
2306.04123,2023,sections,"SCORE: 0
REASON: The paper focuses entirely on improving retrosynthesis prediction accuracy using machine learning techniques, with no substantive engagement with ethical concerns such as fairness, harm, accountability, or governance.",0,"The paper focuses entirely on improving retrosynthesis prediction accuracy using machine learning techniques, with no substantive engagement with ethical concerns such as fairness, harm, accountability, or governance.",2221,49,,,,0,0
2304.02948,2023,sections,"SCORE: 0
REASON: The paper's mention of ""fairness"" refers strictly to methodological fairness in model comparison (data quality and initial conditions), not to normative ethical concerns about harm, justice, or accountability.",0,"The paper's mention of ""fairness"" refers strictly to methodological fairness in model comparison (data quality and initial conditions), not to normative ethical concerns about harm, justice, or accountability.",823,52,,,,0,0
2305.05821,2023,sections,"SCORE: 0
REASON: The paper is a computational linguistics study focused on modeling ambiguity, pragmatics, and language emergence in signaling games, with no substantive engagement with AI ethics topics such as fairness, harm, accountability, or governance.",0,"The paper is a computational linguistics study focused on modeling ambiguity, pragmatics, and language emergence in signaling games, with no substantive engagement with AI ethics topics such as fairness, harm, accountability, or governance.",1479,59,,,,0,0
2303.16967,2023,sections,"SCORE: 0
REASON: The paper is entirely focused on technical AI planning methods for a game-playing agent, with no engagement with ethical concerns such as fairness, harm, accountability, or governance.",0,"The paper is entirely focused on technical AI planning methods for a game-playing agent, with no engagement with ethical concerns such as fairness, harm, accountability, or governance.",1976,47,,,,0,0
2306.03081,2023,sections,"SCORE: 0
REASON: The paper focuses entirely on technical methods for probabilistic inference and controlled generation in LLMs, with no substantive normative engagement with fairness, harm, accountability, or governance concerns.",0,"The paper focuses entirely on technical methods for probabilistic inference and controlled generation in LLMs, with no substantive normative engagement with fairness, harm, accountability, or governance concerns.",1581,50,,,,0,0
2402.03388,2024,sections,"SCORE: 0
REASON: The paper focuses entirely on technical optimization of behavioral user segmentation and advertising delivery under budget constraints, with no substantive engagement with normative concerns about fairness, harm, privacy, accountability, or governance.",0,"The paper focuses entirely on technical optimization of behavioral user segmentation and advertising delivery under budget constraints, with no substantive engagement with normative concerns about fairness, harm, privacy, accountability, or governance.",807,53,,,,0,0
2402.19251,2024,fallback_empty_sections,"SCORE: 0
REASON: The paper focuses entirely on technical improvements to autonomous vehicle trajectory prediction using a teacher-student knowledge distillation framework, with no substantive normative engagement with fairness, harm, accountability, or governance beyond mentioning ""safety"" as a performance objective.",0,"The paper focuses entirely on technical improvements to autonomous vehicle trajectory prediction using a teacher-student knowledge distillation framework, with no substantive normative engagement with fairness, harm, accountability, or governance beyond mentioning ""safety"" as a performance objective.",1360,63,,,,0,0
2402.08145,2024,sections,"SCORE: 0
REASON: The paper focuses entirely on technical challenges of planning under non-stationary dynamics, sample efficiency, and model learning, with no substantive normative engagement with fairness, harm, accountability, or governance.",0,"The paper focuses entirely on technical challenges of planning under non-stationary dynamics, sample efficiency, and model learning, with no substantive normative engagement with fairness, harm, accountability, or governance.",986,53,,,,0,0
2403.09289,2024,fallback_empty_sections,"SCORE: 0
REASON: The paper investigates Theory of Mind capabilities in AI agents as a cognitive/behavioral phenomenon, with no substantive normative engagement with fairness, harm, accountability, or governance concerns.",0,"The paper investigates Theory of Mind capabilities in AI agents as a cognitive/behavioral phenomenon, with no substantive normative engagement with fairness, harm, accountability, or governance concerns.",1557,49,,,,0,0
2401.09680,2024,sections,"SCORE: 0
REASON: The paper focuses entirely on technical optimization of UAV metaverse resource allocation using game theory and reinforcement learning, with no substantive engagement with ethical concerns such as fairness, harm, accountability, or governance.",0,"The paper focuses entirely on technical optimization of UAV metaverse resource allocation using game theory and reinforcement learning, with no substantive engagement with ethical concerns such as fairness, harm, accountability, or governance.",1025,55,,,,0,0
2403.16416,2024,sections,"SCORE: 0
REASON: The paper focuses entirely on technical challenges of building user simulators for conversational recommender systems, with no substantive engagement with fairness, harm, accountability, or governance concerns.",0,"The paper focuses entirely on technical challenges of building user simulators for conversational recommender systems, with no substantive engagement with fairness, harm, accountability, or governance concerns.",632,48,,,,0,0
2403.16909,2024,sections,"SCORE: 1
REASON: The paper substantively engages with AI ethics by explicitly investigating demographic biases in LLM-generated mental health data, warning against using synthetic data to reinforce biases, and framing its research purpose around understanding potential harms and risks of LLMs in sensitive mental health contexts.",1,"The paper substantively engages with AI ethics by explicitly investigating demographic biases in LLM-generated mental health data, warning against using synthetic data to reinforce biases, and framing its research purpose around understanding potential harms and risks of LLMs in sensitive mental health contexts.",1310,71,"CATEGORY: A
REASON: The paper primarily uses technical analysis methods (semantic and lexical analyses, algorithmic fidelity assessment) to investigate biases in LLM-generated synthetic mental health data across demographics, framing the problem in terms of model behavior, bias detection, and safety considerations for synthetic data generation.",A,"The paper primarily uses technical analysis methods (semantic and lexical analyses, algorithmic fidelity assessment) to investigate biases in LLM-generated synthetic mental health data across demographics, framing the problem in terms of model behavior, bias detection, and safety considerations for synthetic data generation.",1334,70
2403.04511,2024,sections,"SCORE: 1
REASON: The paper substantively engages with ethical concerns around fairness and harm by identifying demographic disparities (age, gender, location) in filter bubble susceptibility and recommending platform-level interventions to protect vulnerable user groups from algorithmic information restriction.",1,"The paper substantively engages with ethical concerns around fairness and harm by identifying demographic disparities (age, gender, location) in filter bubble susceptibility and recommending platform-level interventions to protect vulnerable user groups from algorithmic information restriction.",1230,62,"CATEGORY: A
REASON: The paper primarily focuses on defining and measuring filter bubble metrics, analyzing recommender system behavior, and proposing technical design interventions to improve diversity and fairness in algorithmic recommendations.",A,"The paper primarily focuses on defining and measuring filter bubble metrics, analyzing recommender system behavior, and proposing technical design interventions to improve diversity and fairness in algorithmic recommendations.",1254,47
2404.12185,2024,sections,"SCORE: 0
REASON: The paper focuses entirely on computational optimization performance, adaptability, and algorithmic efficiency, with no engagement with normative ethical concerns such as fairness, harm, accountability, or governance.",0,"The paper focuses entirely on computational optimization performance, adaptability, and algorithmic efficiency, with no engagement with normative ethical concerns such as fairness, harm, accountability, or governance.",1295,49,,,,0,0
2401.06375,2024,fallback_no_target_sections,"SCORE: 1
REASON: The paper substantively engages with ethical concerns around inclusion, accessibility, and equity for individuals with cognitive disabilities, framing AI-driven process design as a matter of workplace fairness and social inclusion rather than merely a technical optimization problem.",1,"The paper substantively engages with ethical concerns around inclusion, accessibility, and equity for individuals with cognitive disabilities, framing AI-driven process design as a matter of workplace fairness and social inclusion rather than merely a technical optimization problem.",639,59,"CATEGORY: C
REASON: The paper examines AI's role in improving inclusion and equity for individuals with cognitive disabilities in workplace processes, framing the ethics discussion around structural barriers, accessibility, and social inclusion rather than technical metrics or regulatory compliance.",C,"The paper examines AI's role in improving inclusion and equity for individuals with cognitive disabilities in workplace processes, framing the ethics discussion around structural barriers, accessibility, and social inclusion rather than technical metrics or regulatory compliance.",663,54
2404.10102,2024,sections,"SCORE: 0
REASON: The paper focuses entirely on technical critiques of statistical methodology and parameter estimation in scaling laws, with no normative engagement with fairness, harm, accountability, or governance.",0,"The paper focuses entirely on technical critiques of statistical methodology and parameter estimation in scaling laws, with no normative engagement with fairness, harm, accountability, or governance.",810,46,,,,0,0
2402.10083,2024,sections,"SCORE: 0
REASON: The paper focuses on technical evaluation of LLMs for ophthalmology question-answering performance and medical accuracy, with only a passing mention of ""safety"" in a technical context, without substantive engagement with normative ethical concerns.",0,"The paper focuses on technical evaluation of LLMs for ophthalmology question-answering performance and medical accuracy, with only a passing mention of ""safety"" in a technical context, without substantive engagement with normative ethical concerns.",782,60,,,,0,0
2403.05801,2024,sections,"SCORE: 0
REASON: The paper focuses entirely on technical improvements to knowledge graph reasoning using reinforcement learning, transfer learning, and BERT embeddings, with no substantive engagement with ethical concerns such as fairness, harm, accountability, or governance.",0,"The paper focuses entirely on technical improvements to knowledge graph reasoning using reinforcement learning, transfer learning, and BERT embeddings, with no substantive engagement with ethical concerns such as fairness, harm, accountability, or governance.",1428,57,,,,0,0
2403.14705,2024,sections,"SCORE: 0
REASON: The paper is purely technical, focusing on measuring compositionality in emergent communication protocols with no substantive engagement with ethical concerns such as fairness, harm, accountability, or governance.",0,"The paper is purely technical, focusing on measuring compositionality in emergent communication protocols with no substantive engagement with ethical concerns such as fairness, harm, accountability, or governance.",630,49,,,,0,0
2402.09844,2024,sections,"SCORE: 1
REASON: The Broader Impact section raises genuine normative concerns about safety, cross-domain behavioral transfer risks, and the need for value alignment in generalist agents, going beyond purely technical framing.",1,"The Broader Impact section raises genuine normative concerns about safety, cross-domain behavioral transfer risks, and the need for value alignment in generalist agents, going beyond purely technical framing.",1082,50,"CATEGORY: A
REASON: The paper's ethical discussion centers on technical safety concerns—specifically the risks of cross-domain behavior transfer and the need for alignment strategies and safety constraints in generalist AI models.",A,The paper's ethical discussion centers on technical safety concerns—specifically the risks of cross-domain behavior transfer and the need for alignment strategies and safety constraints in generalist AI models.,1106,46
2402.09558,2024,sections,"SCORE: 0
REASON: The paper focuses entirely on technical contributions to healthcare time-series representation learning (model architecture, pre-training strategies, performance metrics) with no substantive engagement with ethical concerns such as fairness, accountability, or harm.",0,"The paper focuses entirely on technical contributions to healthcare time-series representation learning (model architecture, pre-training strategies, performance metrics) with no substantive engagement with ethical concerns such as fairness, accountability, or harm.",641,56,,,,0,0
2404.07511,2024,sections,"SCORE: 0
REASON: The paper focuses entirely on technical optimization of supply chain planning using AI methods, with no substantive engagement with ethical concerns such as fairness, harm, accountability, or governance.",0,"The paper focuses entirely on technical optimization of supply chain planning using AI methods, with no substantive engagement with ethical concerns such as fairness, harm, accountability, or governance.",1070,47,,,,0,0
2404.19721,2024,sections,"SCORE: 0
REASON: The paper only briefly acknowledges bias and ethical considerations as future work limitations without substantively engaging with normative concerns about fairness, harm, or justice.",0,"The paper only briefly acknowledges bias and ethical considerations as future work limitations without substantively engaging with normative concerns about fairness, harm, or justice.",919,43,,,,0,0
2404.04752,2024,sections,"SCORE: 0
REASON: The paper focuses on technical capabilities of LLMs in multi-agent systems without engaging in any normative ethical concerns about fairness, harm, accountability, or governance.",0,"The paper focuses on technical capabilities of LLMs in multi-agent systems without engaging in any normative ethical concerns about fairness, harm, accountability, or governance.",343,46,,,,0,0
2404.12278,2024,sections,"SCORE: 0
REASON: While the paper briefly mentions bias, fairness, and responsible AI use, these are treated as technical performance considerations (model robustness, bias reduction as a quality metric) rather than substantive normative engagement with ethical principles like justice, accountability, or harm.",0,"While the paper briefly mentions bias, fairness, and responsible AI use, these are treated as technical performance considerations (model robustness, bias reduction as a quality metric) rather than substantive normative engagement with ethical principles like justice, accountability, or harm.",1429,65,,,,0,0
2403.05641,2024,fallback_empty_sections,"SCORE: 0
REASON: The paper focuses entirely on computational modeling of abstract reasoning and cognitive science, with no substantive engagement with AI ethics topics such as fairness, harm, accountability, or governance.",0,"The paper focuses entirely on computational modeling of abstract reasoning and cognitive science, with no substantive engagement with AI ethics topics such as fairness, harm, accountability, or governance.",1627,47,,,,0,0
2404.03624,2024,sections,"SCORE: 0
REASON: The paper focuses on knowledge engineering architectures, workflows, and reference architectures for AI systems, with no substantive normative engagement with fairness, harm, accountability, or governance as ethical concerns.",0,"The paper focuses on knowledge engineering architectures, workflows, and reference architectures for AI systems, with no substantive normative engagement with fairness, harm, accountability, or governance as ethical concerns.",1354,52,,,,0,0
2402.11804,2024,sections,"SCORE: 0
REASON: The paper's only mention of ethics is a brief, boilerplate statement in the limitations section about potential risks of privacy or fake information, with no substantive normative analysis of fairness, harm, accountability, or governance.",0,"The paper's only mention of ethics is a brief, boilerplate statement in the limitations section about potential risks of privacy or fake information, with no substantive normative analysis of fairness, harm, accountability, or governance.",1140,58,,,,0,0
2402.04382,2024,fallback_empty_sections,"SCORE: 1
REASON: The paper explicitly situates its work in consequential high-stakes domains (loan approvals, pretrial bail, hiring) and engages with explainability, counterfactual reasoning, and algorithmic recourse (citing FAccT work), reflecting genuine normative concern about accountability and fairness in automated decision-making.",1,"The paper explicitly situates its work in consequential high-stakes domains (loan approvals, pretrial bail, hiring) and engages with explainability, counterfactual reasoning, and algorithmic recourse (citing FAccT work), reflecting genuine normative concern about accountability and fairness in automated decision-making.",2242,79,"CATEGORY: A
REASON: The paper focuses on technical methods for explaining black-box ML models using counterfactual reasoning and answer set programming, addressing explainability and interpretability as technical ethics concerns.",A,"The paper focuses on technical methods for explaining black-box ML models using counterfactual reasoning and answer set programming, addressing explainability and interpretability as technical ethics concerns.",2266,47
2404.02454,2024,sections,"SCORE: 0
REASON: The paper is entirely focused on formal logic, knowledge representation, and probabilistic/model-counting techniques for measuring inferential strength in forgetting operators, with no engagement with normative ethical concerns such as fairness, harm, accountability, or governance.",0,"The paper is entirely focused on formal logic, knowledge representation, and probabilistic/model-counting techniques for measuring inferential strength in forgetting operators, with no engagement with normative ethical concerns such as fairness, harm, accountability, or governance.",1407,62,,,,0,0
2402.15075,2024,sections,"SCORE: 0
REASON: The paper is purely technical, focused on a stacking factorization algorithm for improving inference efficiency in hybrid Bayesian networks, with no engagement with ethical concerns such as fairness, harm, accountability, or governance.",0,"The paper is purely technical, focused on a stacking factorization algorithm for improving inference efficiency in hybrid Bayesian networks, with no engagement with ethical concerns such as fairness, harm, accountability, or governance.",1639,56,,,,0,0
2402.04578,2024,sections,"SCORE: 0
REASON: The paper focuses entirely on technical performance of multi-agent systems in Minecraft, with no substantive engagement with fairness, harm, accountability, or governance concerns.",0,"The paper focuses entirely on technical performance of multi-agent systems in Minecraft, with no substantive engagement with fairness, harm, accountability, or governance concerns.",1165,45,,,,0,0
2401.16744,2024,sections,"SCORE: 0
REASON: While the paper mentions fairness-adjacent concepts like auditing, compliance, and recourse in high-stakes domains, its core contribution is a technical framework (ShaRP) for explainability and interpretability of rankings, without substantive normative engagement with fairness, harm, accountability, or justice.",0,"While the paper mentions fairness-adjacent concepts like auditing, compliance, and recourse in high-stakes domains, its core contribution is a technical framework (ShaRP) for explainability and interpretability of rankings, without substantive normative engagement with fairness, harm, accountability, or justice.",1602,75,,,,0,0
2403.07769,2024,sections,"SCORE: 0
REASON: The paper focuses on technical capabilities of multi-agent LLM systems for financial decision-making, with no substantive normative engagement with fairness, harm, accountability, or governance—the mention of sustainability is contextual to a simulated business scenario rather than an ethical concern.",0,"The paper focuses on technical capabilities of multi-agent LLM systems for financial decision-making, with no substantive normative engagement with fairness, harm, accountability, or governance—the mention of sustainability is contextual to a simulated business scenario rather than an ethical concern.",647,69,,,,0,0
2403.15760,2024,sections,"SCORE: 0
REASON: The paper's discussion of privacy is purely technical, focusing on design mechanisms (ETF classifiers, local parameter retention, noise addition) to prevent data leakage, without engaging in normative ethical concerns about fairness, accountability, harm, or governance.",0,"The paper's discussion of privacy is purely technical, focusing on design mechanisms (ETF classifiers, local parameter retention, noise addition) to prevent data leakage, without engaging in normative ethical concerns about fairness, accountability, harm, or governance.",800,64,,,,0,0
2404.00017,2024,fallback_empty_sections,"SCORE: 0
REASON: The paper's engagement with copyright and intellectual property is primarily legal/technical rather than normatively ethical, focusing on whether AI outputs diverge statistically from training data to mitigate IP concerns, without substantive moral analysis of fairness, harm, accountability, or justice.",0,"The paper's engagement with copyright and intellectual property is primarily legal/technical rather than normatively ethical, focusing on whether AI outputs diverge statistically from training data to mitigate IP concerns, without substantive moral analysis of fairness, harm, accountability, or justice.",1834,67,,,,0,0
2402.08178,2024,sections,"SCORE: 0
REASON: The paper focuses entirely on technical benchmarking of LLM-based task planning for embodied agents, with no substantive engagement with ethical concerns like fairness, harm, accountability, or governance—uses of words like ""fair"" refer only to reproducible comparison metrics.",0,"The paper focuses entirely on technical benchmarking of LLM-based task planning for embodied agents, with no substantive engagement with ethical concerns like fairness, harm, accountability, or governance—uses of words like ""fair"" refer only to reproducible comparison metrics.",1158,68,,,,0,0
2402.08423,2024,sections,"SCORE: 0
REASON: The paper's mention of ""interpretability"" and ""safety"" is framed in technical and functional terms (reliable decision-making, model explainability) rather than engaging with normative ethical concerns such as fairness, accountability, or justice.",0,"The paper's mention of ""interpretability"" and ""safety"" is framed in technical and functional terms (reliable decision-making, model explainability) rather than engaging with normative ethical concerns such as fairness, accountability, or justice.",472,62,,,,0,0
2402.07234,2024,sections,"SCORE: 0
REASON: The paper focuses on benchmarking LLM performance on public security tasks using technical metrics, and while it briefly mentions ""sensitive data,"" ""predictive bias,"" and false positive rates, these are treated as performance limitations rather than substantive normative concerns about fairness, harm, or accountability.",0,"The paper focuses on benchmarking LLM performance on public security tasks using technical metrics, and while it briefly mentions ""sensitive data,"" ""predictive bias,"" and false positive rates, these are treated as performance limitations rather than substantive normative concerns about fairness, harm, or accountability.",1262,72,,,,0,0
2403.09925,2024,sections,"SCORE: 0
REASON: The paper focuses entirely on a technical combinatorial optimization method (MCTS with surrogate functions) for retail store closure decisions, with no normative discussion of fairness, harm, accountability, or governance implications.",0,"The paper focuses entirely on a technical combinatorial optimization method (MCTS with surrogate functions) for retail store closure decisions, with no normative discussion of fairness, harm, accountability, or governance implications.",883,55,,,,0,0
2403.17532,2024,sections,"SCORE: 0
REASON: The paper focuses entirely on technical improvements to knowledge graph completion using LLMs, with no normative engagement with fairness, harm, accountability, or governance concerns.",0,"The paper focuses entirely on technical improvements to knowledge graph completion using LLMs, with no normative engagement with fairness, harm, accountability, or governance concerns.",638,45,,,,0,0
2403.15587,2024,sections,"SCORE: 0
REASON: The paper focuses entirely on technical methodology for extracting sentiment evaluations from text using LLMs for decision-making, with no substantive normative engagement with fairness, harm, accountability, or governance—the mention of ""explainability"" is treated as a technical challenge for model robustness rather than an ethical concern.",0,"The paper focuses entirely on technical methodology for extracting sentiment evaluations from text using LLMs for decision-making, with no substantive normative engagement with fairness, harm, accountability, or governance—the mention of ""explainability"" is treated as a technical challenge for model robustness rather than an ethical concern.",1427,79,,,,0,0
2401.02705,2024,sections,"SCORE: 0
REASON: The paper focuses entirely on automating software testing for a mobile payment app using LLMs, with no engagement with ethical concerns such as fairness, harm, accountability, or governance.",0,"The paper focuses entirely on automating software testing for a mobile payment app using LLMs, with no engagement with ethical concerns such as fairness, harm, accountability, or governance.",873,49,,,,0,0
2403.14566,2024,sections,"SCORE: 0
REASON: The paper is a technical survey of concept-based explainability methods focused on interpretability, representation, and model improvement, with only incidental mention of bias/spurious correlations as a technical motivation rather than substantive normative ethical analysis.",0,"The paper is a technical survey of concept-based explainability methods focused on interpretability, representation, and model improvement, with only incidental mention of bias/spurious correlations as a technical motivation rather than substantive normative ethical analysis.",803,62,,,,0,0
2401.03082,2024,fallback_no_target_sections,"SCORE: 0
REASON: The paper focuses entirely on technical performance improvements for multimodal information extraction using instruction tuning, with no substantive engagement with ethical concerns such as fairness, harm, accountability, or governance.",0,"The paper focuses entirely on technical performance improvements for multimodal information extraction using instruction tuning, with no substantive engagement with ethical concerns such as fairness, harm, accountability, or governance.",2203,51,,,,0,0
2404.15583,2024,sections,"SCORE: 0
REASON: The paper focuses entirely on technical challenges of applying multi-agent reinforcement learning to smart grid management, with no substantive normative engagement with fairness, harm, accountability, or governance beyond efficiency and sustainability as engineering goals.",0,"The paper focuses entirely on technical challenges of applying multi-agent reinforcement learning to smart grid management, with no substantive normative engagement with fairness, harm, accountability, or governance beyond efficiency and sustainability as engineering goals.",1297,57,,,,0,0
2402.14083,2024,sections,"SCORE: 0
REASON: The paper's ""Broader Impact"" section and overall content focus entirely on technical capabilities of Transformers for planning tasks, with no substantive engagement with ethical concerns such as fairness, harm, accountability, or governance.",0,"The paper's ""Broader Impact"" section and overall content focus entirely on technical capabilities of Transformers for planning tasks, with no substantive engagement with ethical concerns such as fairness, harm, accountability, or governance.",1027,57,,,,0,0
2403.01816,2024,sections,"SCORE: 0
REASON: The paper focuses entirely on technical improvements to multi-agent reinforcement learning (subtask recognition, attention mechanisms, reward functions) with no normative engagement with fairness, harm, accountability, or governance.",0,"The paper focuses entirely on technical improvements to multi-agent reinforcement learning (subtask recognition, attention mechanisms, reward functions) with no normative engagement with fairness, harm, accountability, or governance.",598,53,,,,0,0
2402.10416,2024,sections,"SCORE: 0
REASON: The paper is focused on cognitive modeling of theory-of-mind and natural language interpretation of belief, with no engagement with normative ethical concerns such as fairness, harm, accountability, or governance.",0,"The paper is focused on cognitive modeling of theory-of-mind and natural language interpretation of belief, with no engagement with normative ethical concerns such as fairness, harm, accountability, or governance.",566,52,,,,0,0
2404.11898,2024,sections,"SCORE: 1
REASON: The paper substantively engages with AI ethics by examining algorithmic bias, accountability, fairness, consumer rights, and governance frameworks in the context of financial inclusion and regulatory adaptation, treating these as genuine normative concerns rather than merely technical metrics.",1,"The paper substantively engages with AI ethics by examining algorithmic bias, accountability, fairness, consumer rights, and governance frameworks in the context of financial inclusion and regulatory adaptation, treating these as genuine normative concerns rather than merely technical metrics.",789,61,"CATEGORY: B
REASON: The paper primarily focuses on regulatory frameworks, oversight mechanisms, accountability, and policy development for AI and digital financial technologies in the context of financial inclusion.",B,"The paper primarily focuses on regulatory frameworks, oversight mechanisms, accountability, and policy development for AI and digital financial technologies in the context of financial inclusion.",813,40
2402.05605,2024,fallback_no_target_sections,"SCORE: 0
REASON: The paper focuses on technical optimization of hybrid human-AI team coordination using reinforcement learning, with ""constraints"" referring to performance boundaries rather than normative ethical concerns about fairness, accountability, or governance.",0,"The paper focuses on technical optimization of hybrid human-AI team coordination using reinforcement learning, with ""constraints"" referring to performance boundaries rather than normative ethical concerns about fairness, accountability, or governance.",927,53,,,,0,0
2402.02053,2024,sections,"SCORE: 0
REASON: The paper focuses entirely on cost efficiency and technical performance of LLM agents, with no substantive normative engagement with fairness, harm, accountability, or governance—the mention of ""social justice"" and ""gentrification"" appears only as flavor text in a simulated agent persona, not as ethical analysis.",0,"The paper focuses entirely on cost efficiency and technical performance of LLM agents, with no substantive normative engagement with fairness, harm, accountability, or governance—the mention of ""social justice"" and ""gentrification"" appears only as flavor text in a simulated agent persona, not as ethical analysis.",882,76,,,,0,0
2405.02105,2024,sections,"SCORE: 0
REASON: The paper focuses entirely on evaluating LLM performance for scientific literature navigation using technical metrics, with no engagement with normative ethical concerns about fairness, harm, accountability, or governance.",0,"The paper focuses entirely on evaluating LLM performance for scientific literature navigation using technical metrics, with no engagement with normative ethical concerns about fairness, harm, accountability, or governance.",400,50,,,,0,0
2403.17426,2024,sections,"SCORE: 0
REASON: The paper focuses on environmental sustainability (water conservation) and nutritional optimization as technical design goals, without engaging in normative ethical discourse around fairness, harm, accountability, or justice in AI systems.",0,"The paper focuses on environmental sustainability (water conservation) and nutritional optimization as technical design goals, without engaging in normative ethical discourse around fairness, harm, accountability, or justice in AI systems.",1962,52,,,,0,0
2402.15515,2024,sections,"SCORE: 0
REASON: The paper focuses on technical NLP and EHR data extraction methods for identifying Alzheimer's risk factors, with no substantive normative engagement with fairness, harm, accountability, or governance beyond a brief mention of social determinants of health as a data variable.",0,"The paper focuses on technical NLP and EHR data extraction methods for identifying Alzheimer's risk factors, with no substantive normative engagement with fairness, harm, accountability, or governance beyond a brief mention of social determinants of health as a data variable.",1299,67,,,,0,0
2501.09316,2025,sections,"SCORE: 0
REASON: The paper focuses entirely on technical contributions to autonomous agent systems using SOPs, with no substantive engagement with ethical concerns such as fairness, harm, accountability, or governance.",0,"The paper focuses entirely on technical contributions to autonomous agent systems using SOPs, with no substantive engagement with ethical concerns such as fairness, harm, accountability, or governance.",373,47,,,,0,0
2503.08308,2025,sections,"SCORE: 0
REASON: The paper focuses on technical improvements to multimodal large language models for visual question answering, with no substantive engagement with ethical concerns about fairness, harm, accountability, or governance.",0,"The paper focuses on technical improvements to multimodal large language models for visual question answering, with no substantive engagement with ethical concerns about fairness, harm, accountability, or governance.",270,50,,,,0,0
2502.07803,2025,sections,"SCORE: 0
REASON: The paper focuses entirely on improving LLM reasoning performance through technical methods (CoT, PoT, logic units), with no substantive engagement with ethical concerns like fairness, harm, accountability, or governance.",0,"The paper focuses entirely on improving LLM reasoning performance through technical methods (CoT, PoT, logic units), with no substantive engagement with ethical concerns like fairness, harm, accountability, or governance.",934,56,,,,0,0
2503.17354,2025,sections,"SCORE: 0
REASON: The paper focuses on benchmark construction and performance measurement for autonomous AI agents, with safety mentioned only as a motivating framing without substantive normative engagement with fairness, harm, accountability, or governance.",0,"The paper focuses on benchmark construction and performance measurement for autonomous AI agents, with safety mentioned only as a motivating framing without substantive normative engagement with fairness, harm, accountability, or governance.",930,53,,,,0,0
2501.06485,2025,sections,"SCORE: 0
REASON: The paper focuses entirely on technical improvements to network evolution prediction using diffusion models, with no engagement with ethical concerns such as fairness, harm, accountability, or governance.",0,"The paper focuses entirely on technical improvements to network evolution prediction using diffusion models, with no engagement with ethical concerns such as fairness, harm, accountability, or governance.",382,46,,,,0,0
2503.14973,2025,sections,"SCORE: 0
REASON: The paper focuses on technical interpretability methods for RL agents, mentioning high-stakes domains and safety only incidentally as motivation without substantively engaging with normative concerns about fairness, harm, accountability, or governance.",0,"The paper focuses on technical interpretability methods for RL agents, mentioning high-stakes domains and safety only incidentally as motivation without substantively engaging with normative concerns about fairness, harm, accountability, or governance.",829,57,,,,0,0
2503.06202,2025,sections,"SCORE: 0
REASON: The paper mentions fairness and security only briefly as motivating applications of XAI in the introduction, while its substantive focus is entirely on technical improvements to explainability objectives (OOD-inspired norms, MMI variants) without genuine normative engagement with ethical concerns.",0,"The paper mentions fairness and security only briefly as motivating applications of XAI in the introduction, while its substantive focus is entirely on technical improvements to explainability objectives (OOD-inspired norms, MMI variants) without genuine normative engagement with ethical concerns.",896,70,,,,0,0
2503.12917,2025,sections,"SCORE: 0
REASON: The paper focuses entirely on technical methodology for unsupervised neuro-symbolic learning, with no substantive engagement with normative ethical concerns such as fairness, harm, accountability, or governance.",0,"The paper focuses entirely on technical methodology for unsupervised neuro-symbolic learning, with no substantive engagement with normative ethical concerns such as fairness, harm, accountability, or governance.",1523,52,,,,0,0
2502.07944,2025,sections,"SCORE: 0
REASON: The paper focuses entirely on technical knowledge representation and reasoning (KRR) system architecture using SHACL-SKOS ontologies for the pharmaceutical industry, with no substantive engagement with AI ethics, fairness, harm, or governance.",0,"The paper focuses entirely on technical knowledge representation and reasoning (KRR) system architecture using SHACL-SKOS ontologies for the pharmaceutical industry, with no substantive engagement with AI ethics, fairness, harm, or governance.",305,62,,,,0,0
2503.10009,2025,sections,"SCORE: 0
REASON: The paper focuses on translating natural language problem descriptions into mathematical optimization models, with no substantive engagement with ethical concerns about fairness, harm, accountability, or governance.",0,"The paper focuses on translating natural language problem descriptions into mathematical optimization models, with no substantive engagement with ethical concerns about fairness, harm, accountability, or governance.",295,46,,,,0,0
2503.04291,2025,sections,"SCORE: 0
REASON: The paper focuses entirely on the technical implementation of an automated math grading system using OCR and LLMs, with no substantive engagement with normative concerns about fairness, harm, accountability, or governance—the single citation to a fairness survey is incidental and not discussed in the paper itself.",0,"The paper focuses entirely on the technical implementation of an automated math grading system using OCR and LLMs, with no substantive engagement with normative concerns about fairness, harm, accountability, or governance—the single citation to a fairness survey is incidental and not discussed in the paper itself.",1323,74,,,,0,0
2501.18296,2025,sections,"SCORE: 0
REASON: The paper focuses entirely on ontology engineering methodology and data pipeline design, with no substantive engagement with ethical concerns such as fairness, harm, accountability, or governance.",0,"The paper focuses entirely on ontology engineering methodology and data pipeline design, with no substantive engagement with ethical concerns such as fairness, harm, accountability, or governance.",639,46,,,,0,0
2502.08119,2025,fallback_empty_sections,"SCORE: 0
REASON: The paper focuses entirely on technical optimization of task offloading, UAV trajectory, and computational resource allocation using reinforcement learning, with no substantive engagement with normative ethical concerns such as fairness, harm, accountability, or governance.",0,"The paper focuses entirely on technical optimization of task offloading, UAV trajectory, and computational resource allocation using reinforcement learning, with no substantive engagement with normative ethical concerns such as fairness, harm, accountability, or governance.",1817,60,,,,0,0
2501.13533,2025,sections,"SCORE: 1
REASON: The paper substantively engages with AI ethics by developing a normative theory of AI personhood, discussing the ethical and legal treatment of AI systems, questioning the justice of human control over potentially person-hood-bearing AI, and explicitly invoking concerns about unjust repression and harmonious coexistence.",1,"The paper substantively engages with AI ethics by developing a normative theory of AI personhood, discussing the ethical and legal treatment of AI systems, questioning the justice of human control over potentially person-hood-bearing AI, and explicitly invoking concerns about unjust repression and harmonious coexistence.",2309,75,"CATEGORY: C
REASON: The paper frames AI ethics through questions of personhood, rights, power asymmetries between humans and AI systems, and the justice implications of control versus coexistence, situating ethics within structural concerns about domination and equitable treatment of potentially sentient entities.",C,"The paper frames AI ethics through questions of personhood, rights, power asymmetries between humans and AI systems, and the justice implications of control versus coexistence, situating ethics within structural concerns about domination and equitable treatment of potentially sentient entities.",2333,64
2503.15726,2025,sections,"SCORE: 0
REASON: The paper focuses entirely on technical performance of LLMs and RL agents in a D&D combat simulation, with no engagement with normative ethical concerns such as fairness, harm, accountability, or governance.",0,"The paper focuses entirely on technical performance of LLMs and RL agents in a D&D combat simulation, with no engagement with normative ethical concerns such as fairness, harm, accountability, or governance.",807,55,,,,0,0
2503.16326,2025,sections,"SCORE: 0
REASON: The paper focuses entirely on technical performance of a multimodal geospatial AI system, with only a brief mention of ""geographical bias"" as a predictive accuracy issue rather than a normative ethical concern about fairness, harm, or accountability.",0,"The paper focuses entirely on technical performance of a multimodal geospatial AI system, with only a brief mention of ""geographical bias"" as a predictive accuracy issue rather than a normative ethical concern about fairness, harm, or accountability.",1616,63,,,,0,0
2503.05592,2025,sections,"SCORE: 0
REASON: The paper focuses entirely on technical improvements to retrieval-augmented generation and reinforcement learning for reasoning models, with no substantive engagement with ethical concerns such as fairness, harm, accountability, or governance.",0,"The paper focuses entirely on technical improvements to retrieval-augmented generation and reinforcement learning for reasoning models, with no substantive engagement with ethical concerns such as fairness, harm, accountability, or governance.",775,54,,,,0,0
2502.00691,2025,sections,"SCORE: 0
REASON: The paper focuses entirely on improving mathematical problem-solving performance in LLMs using reinforcement learning and expectation-maximization, with no engagement with ethical concerns such as fairness, harm, accountability, or governance.",0,"The paper focuses entirely on improving mathematical problem-solving performance in LLMs using reinforcement learning and expectation-maximization, with no engagement with ethical concerns such as fairness, harm, accountability, or governance.",849,56,,,,0,0
2504.00762,2025,sections,"SCORE: 0
REASON: The paper focuses entirely on computational efficiency and performance optimization for LLM inference, with no engagement with ethical concerns such as fairness, harm, accountability, or governance.",0,"The paper focuses entirely on computational efficiency and performance optimization for LLM inference, with no engagement with ethical concerns such as fairness, harm, accountability, or governance.",703,46,,,,0,0
2501.11223,2025,sections,"SCORE: 1
REASON: The paper substantively engages with equity and access concerns by explicitly framing the proprietary and costly nature of advanced RLMs as creating a ""rich AI"" vs. ""poor AI"" divide that threatens systemic inequity, and positions democratizing access as a core ethical motivation for the work.",1,"The paper substantively engages with equity and access concerns by explicitly framing the proprietary and costly nature of advanced RLMs as creating a ""rich AI"" vs. ""poor AI"" divide that threatens systemic inequity, and positions democratizing access as a core ethical motivation for the work.",1438,73,"CATEGORY: C
REASON: The paper explicitly frames its technical contributions around mitigating the ""rich AI"" vs. ""poor AI"" divide, systemic inequities in access to advanced AI systems, and democratizing access—positioning its work within a structural justice and equity discourse.",C,"The paper explicitly frames its technical contributions around mitigating the ""rich AI"" vs. ""poor AI"" divide, systemic inequities in access to advanced AI systems, and democratizing access—positioning its work within a structural justice and equity discourse.",1462,62
2502.15662,2025,sections,"SCORE: 0
REASON: The paper focuses entirely on technical methods for curriculum learning and reinforcement learning skill transfer, with no engagement with normative ethical concerns such as fairness, harm, accountability, or governance.",0,"The paper focuses entirely on technical methods for curriculum learning and reinforcement learning skill transfer, with no engagement with normative ethical concerns such as fairness, harm, accountability, or governance.",586,49,,,,0,0
2504.00424,2025,sections,"SCORE: 0
REASON: The paper focuses entirely on computational efficiency, token reduction, and inference speed optimization, with no engagement with normative ethical concerns such as fairness, harm, accountability, or governance.",0,"The paper focuses entirely on computational efficiency, token reduction, and inference speed optimization, with no engagement with normative ethical concerns such as fairness, harm, accountability, or governance.",706,48,,,,0,0
2501.12942,2025,sections,"SCORE: 0
REASON: The paper focuses on real-time application optimization using MDP decomposition techniques, with no substantive engagement with ethical concerns like fairness, harm, accountability, or governance.",0,"The paper focuses on real-time application optimization using MDP decomposition techniques, with no substantive engagement with ethical concerns like fairness, harm, accountability, or governance.",283,47,,,,0,0
2501.01349,2025,sections,"SCORE: 0
REASON: The paper addresses ""bias"" purely as a technical/dataset artifact (spurious correlations between entity mentions and relation types) with no normative concern about fairness, harm, or social justice — the debiasing is framed entirely as a model robustness and generalization problem.",0,"The paper addresses ""bias"" purely as a technical/dataset artifact (spurious correlations between entity mentions and relation types) with no normative concern about fairness, harm, or social justice — the debiasing is framed entirely as a model robustness and generalization problem.",2085,71,,,,0,0
2503.19602,2025,sections,"SCORE: 0
REASON: The ethics statement only addresses research integrity and data transparency, while the paper itself focuses entirely on technical performance improvements of chain-of-thought prompting with no substantive engagement with fairness, harm, accountability, or governance concerns.",0,"The ethics statement only addresses research integrity and data transparency, while the paper itself focuses entirely on technical performance improvements of chain-of-thought prompting with no substantive engagement with fairness, harm, accountability, or governance concerns.",792,58,,,,0,0
2503.03350,2025,sections,"SCORE: 0
REASON: The paper focuses entirely on using LLMs to generate heuristics for combinatorial optimization, with no normative engagement with fairness, harm, accountability, or governance.",0,"The paper focuses entirely on using LLMs to generate heuristics for combinatorial optimization, with no normative engagement with fairness, harm, accountability, or governance.",613,47,,,,0,0
2503.02861,2025,sections,"SCORE: 0
REASON: The paper focuses entirely on technical performance evaluation of AI systems for architectural CAD modeling, with no substantive engagement with ethical concerns such as fairness, harm, accountability, or governance.",0,"The paper focuses entirely on technical performance evaluation of AI systems for architectural CAD modeling, with no substantive engagement with ethical concerns such as fairness, harm, accountability, or governance.",825,49,,,,0,0
2504.01995,2025,sections,"SCORE: 0
REASON: The paper focuses entirely on technical evaluation of mathematical reasoning capabilities in LLMs, with no substantive engagement with normative ethical concerns such as fairness, harm, accountability, or governance.",0,"The paper focuses entirely on technical evaluation of mathematical reasoning capabilities in LLMs, with no substantive engagement with normative ethical concerns such as fairness, harm, accountability, or governance.",1416,50,,,,0,0
2502.15795,2025,sections,"SCORE: 0
REASON: The paper focuses entirely on technical improvements to autoformalization and theorem proving, with no substantive engagement with ethical concerns such as fairness, harm, accountability, or governance.",0,"The paper focuses entirely on technical improvements to autoformalization and theorem proving, with no substantive engagement with ethical concerns such as fairness, harm, accountability, or governance.",1412,47,,,,0,0
2501.06471,2025,fallback_empty_sections,"SCORE: 0
REASON: The paper focuses entirely on technical infrastructure for LLM sharing, environment configuration, and agent optimization, with no substantive normative engagement with fairness, harm, accountability, or governance.",0,"The paper focuses entirely on technical infrastructure for LLM sharing, environment configuration, and agent optimization, with no substantive normative engagement with fairness, harm, accountability, or governance.",2517,50,,,,0,0
2502.07443,2025,sections,"SCORE: 0
REASON: The paper focuses on multi-agent simulation frameworks and game-theoretic reasoning with LLMs, with no substantive engagement with ethical concerns such as fairness, harm, accountability, or governance.",0,"The paper focuses on multi-agent simulation frameworks and game-theoretic reasoning with LLMs, with no substantive engagement with ethical concerns such as fairness, harm, accountability, or governance.",438,52,,,,0,0
2501.05435,2025,sections,"SCORE: 0
REASON: The paper's mention of ""explainability and trustworthiness"" is framed as a technical research gap rather than engaging with normative concerns about fairness, harm, accountability, or governance.",0,"The paper's mention of ""explainability and trustworthiness"" is framed as a technical research gap rather than engaging with normative concerns about fairness, harm, accountability, or governance.",935,53,,,,0,0
2501.10476,2025,sections,"SCORE: 1
REASON: The paper substantively engages with ethical concerns about governance and societal harm by examining how AI systems affect collective human knowledge, advocating for critical appraisal of human-AI learning, and explicitly discussing the role of regulation and interface design in mediating these impacts.",1,"The paper substantively engages with ethical concerns about governance and societal harm by examining how AI systems affect collective human knowledge, advocating for critical appraisal of human-AI learning, and explicitly discussing the role of regulation and interface design in mediating these impacts.",683,67,"CATEGORY: C
REASON: The paper examines systemic effects of AI on collective human knowledge and understanding, framing AI deployment as a structural concern about power asymmetries in how communities learn and how AI shapes society's epistemic fabric.",C,"The paper examines systemic effects of AI on collective human knowledge and understanding, framing AI deployment as a structural concern about power asymmetries in how communities learn and how AI shapes society's epistemic fabric.",707,54
2501.06461,2025,sections,"SCORE: 0
REASON: The fragments provided are too minimal to demonstrate substantive ethical engagement, and the brief mention of ""biased outcomes"" in human grading appears to be a technical/comparative framing rather than a normative ethical analysis of fairness, accountability, or justice.",0,"The fragments provided are too minimal to demonstrate substantive ethical engagement, and the brief mention of ""biased outcomes"" in human grading appears to be a technical/comparative framing rather than a normative ethical analysis of fairness, accountability, or justice.",210,64,,,,0,0
2501.07183,2025,sections,"SCORE: 0
REASON: The paper focuses entirely on technical methodology for geo-referenced data augmentation using kriging and Gaussian processes, with no substantive engagement with ethical concerns such as fairness, harm, accountability, or governance.",0,"The paper focuses entirely on technical methodology for geo-referenced data augmentation using kriging and Gaussian processes, with no substantive engagement with ethical concerns such as fairness, harm, accountability, or governance.",1075,54,,,,0,0
2503.13804,2025,sections,"SCORE: 0
REASON: The paper focuses entirely on technical improvements to GraphRAG systems—filtering noise, balancing retrieval with internal knowledge, and improving reasoning accuracy—with no engagement with normative ethical concerns such as fairness, harm, accountability, or governance.",0,"The paper focuses entirely on technical improvements to GraphRAG systems—filtering noise, balancing retrieval with internal knowledge, and improving reasoning accuracy—with no engagement with normative ethical concerns such as fairness, harm, accountability, or governance.",1139,61,,,,0,0
2502.11574,2025,sections,"SCORE: 0
REASON: The paper focuses entirely on evaluating the mathematical reasoning capabilities of LLMs using a benchmark dataset, with no substantive engagement with ethical concerns such as fairness, harm, accountability, or governance.",0,"The paper focuses entirely on evaluating the mathematical reasoning capabilities of LLMs using a benchmark dataset, with no substantive engagement with ethical concerns such as fairness, harm, accountability, or governance.",1176,52,,,,0,0
2502.09933,2025,sections,"SCORE: 0
REASON: The paper focuses entirely on benchmarking LLM reasoning capabilities (inductive/transductive reasoning, pattern recognition) with no substantive engagement with ethical concerns such as fairness, harm, accountability, or governance.",0,"The paper focuses entirely on benchmarking LLM reasoning capabilities (inductive/transductive reasoning, pattern recognition) with no substantive engagement with ethical concerns such as fairness, harm, accountability, or governance.",598,56,,,,0,0
2503.01139,2025,sections,"SCORE: 0
REASON: The paper focuses entirely on technical methodology for causal discovery using LLMs, with no normative engagement with fairness, harm, accountability, or governance concerns.",0,"The paper focuses entirely on technical methodology for causal discovery using LLMs, with no normative engagement with fairness, harm, accountability, or governance concerns.",926,45,,,,0,0
2502.14345,2025,sections,"SCORE: 0
REASON: The paper focuses entirely on technical challenges of LLM workflow compliance and flexibility, with no substantive normative engagement with fairness, harm, accountability, or governance beyond briefly mentioning incorrect appointment notifications as a practical failure mode.",0,"The paper focuses entirely on technical challenges of LLM workflow compliance and flexibility, with no substantive normative engagement with fairness, harm, accountability, or governance beyond briefly mentioning incorrect appointment notifications as a practical failure mode.",1027,58,,,,0,0
2501.05790,2025,sections,"SCORE: 1
REASON: The paper substantively engages with AI ethics by addressing normative concerns about biased human feedback (sycophancy, length bias) corrupting reward models, framing bias detection and labeler oversight as critical problems for building reliable, aligned AI systems, and explicitly connecting the work to scalable oversight as a broader ethical goal.",1,"The paper substantively engages with AI ethics by addressing normative concerns about biased human feedback (sycophancy, length bias) corrupting reward models, framing bias detection and labeler oversight as critical problems for building reliable, aligned AI systems, and explicitly connecting the work to scalable oversight as a broader ethical goal.",1521,79,"CATEGORY: A
REASON: The paper focuses on technical methods—specifically influence functions and vector compression techniques—to detect labeler bias and improve reward model robustness in RLHF, framing AI ethics primarily through computational safety and reliability mechanisms.",A,"The paper focuses on technical methods—specifically influence functions and vector compression techniques—to detect labeler bias and improve reward model robustness in RLHF, framing AI ethics primarily through computational safety and reliability mechanisms.",1545,57
2503.04176,2025,sections,"SCORE: 0
REASON: The paper focuses on technical improvements to temporal reasoning in clinical LLMs, with ethical considerations (like data use agreements) mentioned only incidentally rather than substantively engaging with fairness, harm, accountability, or governance concerns.",0,"The paper focuses on technical improvements to temporal reasoning in clinical LLMs, with ethical considerations (like data use agreements) mentioned only incidentally rather than substantively engaging with fairness, harm, accountability, or governance concerns.",990,57,,,,0,0
2501.06766,2025,sections,"SCORE: 0
REASON: The paper focuses on computational complexity of explainability algorithms (global necessary reasons for classifiers), with only a passing mention of ethical motivation in critical domains rather than substantive normative engagement with fairness, harm, or accountability.",0,"The paper focuses on computational complexity of explainability algorithms (global necessary reasons for classifiers), with only a passing mention of ethical motivation in critical domains rather than substantive normative engagement with fairness, harm, or accountability.",581,58,,,,0,0
2501.04733,2025,fallback_no_target_sections,"SCORE: 0
REASON: The paper focuses entirely on technical hydrological modeling and prediction performance, with no substantive engagement with ethical concerns such as fairness, harm, accountability, or governance.",0,"The paper focuses entirely on technical hydrological modeling and prediction performance, with no substantive engagement with ethical concerns such as fairness, harm, accountability, or governance.",1071,46,,,,0,0
2503.23633,2025,sections,"SCORE: 0
REASON: The paper mentions ""maintaining ethical behavior"" only in passing as a design requirement, with no substantive normative discussion of fairness, harm, accountability, or governance concerns related to autonomous GIS systems.",0,"The paper mentions ""maintaining ethical behavior"" only in passing as a design requirement, with no substantive normative discussion of fairness, harm, accountability, or governance concerns related to autonomous GIS systems.",1010,53,,,,0,0
2502.11723,2025,sections,"SCORE: 0
REASON: The ethical considerations section only briefly mentions bias and misinformation in passing without substantive normative analysis, while the paper's core focus is technical optimization of energy efficiency and output quality metrics for LLM decoding strategies.",0,"The ethical considerations section only briefly mentions bias and misinformation in passing without substantive normative analysis, while the paper's core focus is technical optimization of energy efficiency and output quality metrics for LLM decoding strategies.",1384,57,,,,0,0
2502.01116,2025,sections,"SCORE: 1
REASON: The paper substantively engages with AI ethics by investigating safety alignment degradation in LLMs, analyzing how benign fine-tuning can inadvertently reduce safety guardrails, and discussing accountability concerns around reward model reliability and harmful outputs—reflecting genuine normative concern about harm prevention and responsible model development.",1,"The paper substantively engages with AI ethics by investigating safety alignment degradation in LLMs, analyzing how benign fine-tuning can inadvertently reduce safety guardrails, and discussing accountability concerns around reward model reliability and harmful outputs—reflecting genuine normative concern about harm prevention and responsible model development.",1098,75,"CATEGORY: A
REASON: The paper primarily focuses on technical aspects of AI safety, specifically analyzing factors (answer format, identity calibration, role-play) that affect safety alignment in LLMs through empirical experiments, fine-tuning methods, and reward model reliability assessments.",A,"The paper primarily focuses on technical aspects of AI safety, specifically analyzing factors (answer format, identity calibration, role-play) that affect safety alignment in LLMs through empirical experiments, fine-tuning methods, and reward model reliability assessments.",1122,63
2502.05608,2025,sections,"SCORE: 1
REASON: The paper explicitly addresses accountability, ethical use of AI management tools, and regulatory compliance in multi-operator networks as core motivations, going beyond purely technical concerns to engage with governance and responsibility gaps in AI-driven network management.",1,"The paper explicitly addresses accountability, ethical use of AI management tools, and regulatory compliance in multi-operator networks as core motivations, going beyond purely technical concerns to engage with governance and responsibility gaps in AI-driven network management.",1195,57,"CATEGORY: B
REASON: The paper proposes an audit/accountability framework to identify which AI management agents are responsible for network changes and ensure compliance with AI governance regulations in a multi-operator managed network.",B,The paper proposes an audit/accountability framework to identify which AI management agents are responsible for network changes and ensure compliance with AI governance regulations in a multi-operator managed network.,1219,46
2503.08175,2025,sections,"SCORE: 1
REASON: The paper substantively engages with privacy as a normative concern—addressing harm prevention and data protection in sensitive domains like healthcare and finance—going beyond technical optimization to consider heterogeneous privacy rights, data minimization principles, and governance of multi-agent information sharing.",1,"The paper substantively engages with privacy as a normative concern—addressing harm prevention and data protection in sensitive domains like healthcare and finance—going beyond technical optimization to consider heterogeneous privacy rights, data minimization principles, and governance of multi-agent information sharing.",994,66,"CATEGORY: A
REASON: The paper primarily focuses on technical privacy-preservation mechanisms (data minimization, federated architectures, privacy protocols) for multi-agent LLM systems, framing ethics through technical safety and robustness constraints.",A,"The paper primarily focuses on technical privacy-preservation mechanisms (data minimization, federated architectures, privacy protocols) for multi-agent LLM systems, framing ethics through technical safety and robustness constraints.",1018,55
2502.12048,2025,sections,"SCORE: 0
REASON: The paper focuses on technical challenges of EEG-based BCI systems and generative AI methods, with limitations sections addressing model performance, interpretability, and generalizability rather than normative ethical concerns like fairness, harm, or governance.",0,"The paper focuses on technical challenges of EEG-based BCI systems and generative AI methods, with limitations sections addressing model performance, interpretability, and generalizability rather than normative ethical concerns like fairness, harm, or governance.",1549,62,,,,0,0
